Country,Song,Artist,F/SF,Year,Points,R/O,Place,Contest_Location,Jury_1.0,Jury_2.0,Jury_3.0,Jury_4.0,Jury_5.0,Jury_6.0,Jury_7.0,Jury_8.0,Jury_10.0,Jury_12.0
Albania,The Image Of You,Anjeza Shahini,Semi Final,2004,167.0,13,4,Istanbul ,Estonia,Monaco,Ukraine,Serbia & Montenegro,Israel,Malta,Finland,North Macedonia,Bosnia & Herzegovina,Greece
Andorra,Jugarem A Estimar-nos,Marta Roure,Semi Final,2004,12.0,6,18,Istanbul ,Serbia & Montenegro,Cyprus,Israel,Monaco,Malta,Albania,Netherlands,Greece,Ukraine,Portugal
Belarus,My Galileo,Aleksandra & Konstantin,Semi Final,2004,10.0,2,19,Istanbul ,Malta,Lithuania,Israel,Latvia,Netherlands,Cyprus,Croatia,Greece,Serbia & Montenegro,Ukraine
Bosnia & Herzegovina,In The Disco,Deen,Semi Final,2004,133.0,21,7,Istanbul ,Slovenia,Netherlands,Denmark,Malta,Greece,Albania,Ukraine,North Macedonia,Croatia,Serbia & Montenegro
Croatia,You Are The Only One,Ivan Mikulic,Semi Final,2004,72.0,18,9,Istanbul ,Malta,Cyprus,Slovenia,Netherlands,North Macedonia,Greece,Albania,Ukraine,Bosnia & Herzegovina,Serbia & Montenegro
Cyprus,Stronger Every Minute,Lisa Andreas,Semi Final,2004,149.0,14,5,Istanbul ,Albania,Israel,Denmark,Monaco,Netherlands,Finland,Lithuania,Ukraine,Serbia & Montenegro,Greece
Denmark,Shame On You,Tomas Thordarson,Semi Final,2004,56.0,19,13,Istanbul ,North Macedonia,Israel,Greece,Malta,Cyprus,Ukraine,Albania,Netherlands,Serbia & Montenegro,Bosnia & Herzegovina
Estonia,Tii,Neiokõsõ,Semi Final,2004,57.0,17,11,Istanbul ,Albania,Belarus,Denmark,Greece,Latvia,Cyprus,Finland,Netherlands,Malta,Ukraine
Finland,Takes 2 To Tango,Jari Sillanpää,Semi Final,2004,51.0,1,14,Istanbul ,Croatia,Israel,Netherlands,Denmark,Greece,Albania,Cyprus,Ukraine,Serbia & Montenegro,Estonia
Greece,Shake It,Sakis Rouvas,Semi Final,2004,238.0,10,3,Istanbul ,Malta,Lithuania,Israel,North Macedonia,Finland,Netherlands,Ukraine,Albania,Serbia & Montenegro,Cyprus
Israel,Le'ha'amin,David D'or,Semi Final,2004,57.0,5,11,Istanbul ,Lithuania,Latvia,Cyprus,Albania,Denmark,Malta,Netherlands,Serbia & Montenegro,Ukraine,Greece
Latvia,Dziesma Par Laimi,Fomins & Kleins,Semi Final,2004,23.0,4,17,Istanbul ,Croatia,Netherlands,Cyprus,Serbia & Montenegro,Albania,Greece,Malta,Lithuania,Ukraine,Estonia
Lithuania,What's Happened To Your Love,Linas ir Simona,Semi Final,2004,26.0,12,16,Istanbul ,Serbia & Montenegro,Belarus,Croatia,Cyprus,Netherlands,Latvia,Malta,Greece,Estonia,Ukraine
Malta,On Again... Off Again,Julie & Ludwig,Semi Final,2004,74.0,8,8,Istanbul ,North Macedonia,Denmark,Lithuania,Serbia & Montenegro,Cyprus,Israel,Netherlands,Albania,Ukraine,Greece
Monaco,Notre Planète,Maryon,Semi Final,2004,10.0,9,19,Istanbul ,Portugal,Latvia,Albania,Greece,Ukraine,Finland,Serbia & Montenegro,Netherlands,Denmark,Cyprus
Netherlands,Without You,Re-union,Semi Final,2004,146.0,22,6,Istanbul ,North Macedonia,Israel,Malta,Croatia,Albania,Greece,Ukraine,Bosnia & Herzegovina,Cyprus,Serbia & Montenegro
North Macedonia,Life,Tose Proeski,Semi Final,2004,71.0,15,10,Istanbul ,Slovenia,Finland,Netherlands,Malta,Bosnia & Herzegovina,Croatia,Greece,Ukraine,Serbia & Montenegro,Albania
Portugal,Foi Magia,Sofia,Semi Final,2004,38.0,7,15,Istanbul ,Croatia,Albania,Cyprus,Malta,Estonia,Netherlands,Israel,Greece,Serbia & Montenegro,Ukraine
Serbia & Montenegro,Lane Moje,Željko Joksimović,Semi Final,2004,263.0,20,1,Istanbul ,Netherlands,Cyprus,Israel,Estonia,Croatia,Albania,Bosnia & Herzegovina,Ukraine,Greece,North Macedonia
Slovenia,Stay Forever,Platin,Semi Final,2004,5.0,16,21,Istanbul ,Malta,Netherlands,Cyprus,Greece,Albania,North Macedonia,Croatia,Ukraine,Bosnia & Herzegovina,Serbia & Montenegro
Switzerland,Celebrate,Piero Esteriore & the MusicStars,Semi Final,2004,0.0,3,22,Istanbul ,Cyprus,Ukraine,Greece,Netherlands,North Macedonia,Croatia,Portugal,Bosnia & Herzegovina,Albania,Serbia & Montenegro
Ukraine,Wild Dances,Ruslana,Semi Final,2004,256.0,11,2,Istanbul ,Albania,Malta,Estonia,Netherlands,Belarus,North Macedonia,Cyprus,Croatia,Greece,Serbia & Montenegro
Andorra,La Mirada Interior,Marian van de Wal,Semi Final,2005,27.0,18,23,Kyiv ,Hungary,Ireland,Finland,Romania,Netherlands,Iceland,Austria,Denmark,Monaco,Israel
Austria,Y Así,Global.Kryner,Semi Final,2005,30.0,1,21,Kyiv ,Switzerland,Norway,Slovenia,North Macedonia,Poland,Denmark,Hungary,Moldova,Romania,Croatia
Belarus,Love Me Tonight,Angelica Agurbash,Semi Final,2005,67.0,8,13,Kyiv ,Croatia,Slovenia,Romania,Hungary,Norway,Poland,Latvia,Switzerland,Moldova,Israel
Belgium,Le Grand Soir,Nuno Resende,Semi Final,2005,29.0,11,22,Kyiv ,Croatia,Norway,Israel,Moldova,Poland,Hungary,Denmark,Romania,Portugal,Netherlands
Bulgaria,Lorraine,Kaffe,Semi Final,2005,49.0,21,19,Kyiv ,Ireland,Norway,Switzerland,Israel,Romania,Moldova,Hungary,Croatia,North Macedonia,Belarus
Croatia,Vukovi Umiru Sami,Boris Novkovic feat. Lado members,Semi Final,2005,169.0,20,4,Kyiv ,Romania,Poland,Switzerland,Moldova,Ireland,Denmark,Latvia,Hungary,Slovenia,North Macedonia
Denmark,Talking To You,Jakob Sveistrup,Semi Final,2005,185.0,24,3,Kyiv ,Hungary,Switzerland,Estonia,Israel,Latvia,Netherlands,Romania,Finland,Iceland,Norway
Estonia,Let's Get Loud,Suntribe,Semi Final,2005,31.0,12,20,Kyiv ,Romania,Ireland,Croatia,Hungary,Moldova,Norway,Denmark,Finland,Latvia,Switzerland
Finland,Why,Geir Rönning,Semi Final,2005,50.0,16,18,Kyiv ,Israel,Croatia,Moldova,Romania,Hungary,Estonia,Slovenia,Denmark,Switzerland,Norway
Hungary,Forogj Világ,NOX,Semi Final,2005,167.0,15,5,Kyiv ,Estonia,Slovenia,Switzerland,Poland,Israel,Moldova,Denmark,Croatia,Ireland,Romania
Iceland,If I Had Your Love,Selma,Semi Final,2005,52.0,10,16,Kyiv ,Slovenia,Latvia,Poland,Croatia,Romania,Switzerland,Hungary,Moldova,Denmark,Norway
Ireland,Love?,Donna & Joseph McCaul,Semi Final,2005,53.0,22,14,Kyiv ,Estonia,Switzerland,Moldova,Netherlands,Lithuania,Latvia,Israel,Romania,Norway,Denmark
Israel,Hasheket Shenish'ar,Shiri Maymon,Semi Final,2005,158.0,7,7,Kyiv ,Slovenia,Belarus,Switzerland,Iceland,Netherlands,Latvia,Norway,Hungary,Moldova,Romania
Latvia,The War Is Not Over,Walter & Kazha,Semi Final,2005,85.0,5,10,Kyiv ,Poland,Denmark,Belarus,Croatia,Hungary,Norway,Switzerland,Lithuania,Moldova,Estonia
Lithuania,Little By Little,Laura and the Lovers,Semi Final,2005,17.0,2,25,Kyiv ,Poland,Israel,Belarus,Croatia,Estonia,Norway,Denmark,Switzerland,Moldova,Latvia
Moldova,Boonika Bate Doba,Zdob şi Zdub,Semi Final,2005,207.0,4,2,Kyiv ,Estonia,Monaco,Belgium,Andorra,Israel,Croatia,Bulgaria,Norway,Iceland,Romania
Monaco,Tout De Moi,Lise Darly,Semi Final,2005,22.0,6,24,Kyiv ,Belarus,Switzerland,North Macedonia,Slovenia,Croatia,Finland,Romania,Netherlands,Denmark,Israel
Netherlands,My Impossible Dream,Glennis Grace,Semi Final,2005,53.0,9,14,Kyiv ,Finland,Norway,North Macedonia,Croatia,Poland,Belgium,Andorra,Romania,Israel,Denmark
North Macedonia,Make My Day,Martin Vucic,Semi Final,2005,97.0,17,9,Kyiv ,Israel,Norway,Switzerland,Hungary,Romania,Belarus,Slovenia,Bulgaria,Moldova,Croatia
Norway,In My Dreams,Wig Wam,Semi Final,2005,164.0,13,6,Kyiv ,Moldova,Switzerland,Latvia,Croatia,Poland,Hungary,Romania,Iceland,Finland,Denmark
Poland,Czarna Dziewczyna,Ivan & Delfin,Semi Final,2005,81.0,25,11,Kyiv ,Belarus,Ireland,Croatia,Israel,Switzerland,Moldova,Norway,Romania,Denmark,Hungary
Portugal,Amar,2B,Semi Final,2005,51.0,3,17,Kyiv ,Norway,Switzerland,Croatia,Latvia,Denmark,Israel,Hungary,Moldova,Romania,Belgium
Romania,Let Me Try,Luminita Anghel & Sistem,Semi Final,2005,235.0,14,1,Kyiv ,Netherlands,Switzerland,Denmark,North Macedonia,Ireland,Croatia,Norway,Israel,Hungary,Moldova
Slovenia,Stop,Omar Naber,Semi Final,2005,69.0,23,12,Kyiv ,Romania,Estonia,Norway,Hungary,Switzerland,Latvia,Moldova,North Macedonia,Austria,Croatia
Switzerland,Cool Vibes,Vanilla Ninja,Semi Final,2005,114.0,19,8,Kyiv ,Hungary,Netherlands,Israel,Romania,Norway,Austria,Denmark,North Macedonia,Croatia,Portugal
Albania,Zjarr E Ftohtë,Luiz Ejlli,Semi Final,2006,58.0,6,14,Athens ,Ireland,Netherlands,Armenia,Cyprus,Sweden,Turkey,Slovenia,Bulgaria,Bosnia & Herzegovina,North Macedonia
Andorra,Sense Tu,Jennifer,Semi Final,2006,8.0,4,23,Athens ,Bosnia & Herzegovina,Netherlands,Monaco,Russia,Lithuania,Ukraine,Belgium,Sweden,Finland,Portugal
Armenia,Without Your Love,André,Semi Final,2006,150.0,1,6,Athens ,Albania,Slovenia,Poland,Netherlands,Bosnia & Herzegovina,Sweden,Cyprus,North Macedonia,Ukraine,Russia
Belarus,Mum,Polina Smolova,Semi Final,2006,10.0,5,22,Athens ,Cyprus,Slovenia,Bosnia & Herzegovina,Poland,Sweden,Lithuania,Armenia,Finland,Ukraine,Russia
Belgium,Je t'adore,Kate Ryan,Semi Final,2006,69.0,7,12,Athens ,Poland,Russia,Ireland,Netherlands,Sweden,Bosnia & Herzegovina,Lithuania,Turkey,Finland,Armenia
Bosnia & Herzegovina,Lejla,Hari Mata Hari,Semi Final,2006,267.0,22,2,Athens ,Iceland,Lithuania,Ukraine,Russia,Albania,Sweden,Slovenia,Finland,North Macedonia,Turkey
Bulgaria,Let Me Cry,Mariana Popova,Semi Final,2006,36.0,2,17,Athens ,Turkey,Cyprus,Ukraine,Sweden,North Macedonia,Lithuania,Finland,Armenia,Bosnia & Herzegovina,Russia
Cyprus,Why Angels Cry,Annet Artani,Semi Final,2006,57.0,9,15,Athens ,Belgium,Sweden,Netherlands,Lithuania,Bosnia & Herzegovina,Ukraine,Finland,Bulgaria,Russia,Armenia
Estonia,Through My Window,Sandra,Semi Final,2006,28.0,21,18,Athens ,Bosnia & Herzegovina,Monaco,Belgium,Ukraine,Iceland,Ireland,Sweden,Lithuania,Russia,Finland
Finland,Hard Rock Hallelujah,Lordi,Semi Final,2006,292.0,16,1,Athens ,Slovenia,Ukraine,Belgium,Ireland,Estonia,Russia,Iceland,Lithuania,Sweden,Bosnia & Herzegovina
Iceland,Congratulations,Silvia Night,Semi Final,2006,62.0,23,13,Athens ,Netherlands,Ireland,Poland,Belgium,Ukraine,Russia,Bosnia & Herzegovina,Lithuania,Sweden,Finland
Ireland,Every Song Is A Cry For Love,Brian Kennedy,Semi Final,2006,79.0,8,9,Athens ,Estonia,Iceland,Ukraine,Russia,Belgium,Bosnia & Herzegovina,Poland,Sweden,Finland,Lithuania
Lithuania,We Are The Winners,LT United,Semi Final,2006,163.0,18,5,Athens ,Netherlands,Belgium,Bosnia & Herzegovina,Ireland,Sweden,Ukraine,Iceland,Poland,Finland,Russia
Monaco,La Coco-dance,Séverine Ferrer,Semi Final,2006,14.0,10,21,Athens ,Iceland,Ukraine,Slovenia,Lithuania,Estonia,Belgium,Ireland,Sweden,Cyprus,Bosnia & Herzegovina
Netherlands,Amambanda,Treble,Semi Final,2006,22.0,17,20,Athens ,Russia,Poland,Ireland,Sweden,Lithuania,Finland,Belgium,Bosnia & Herzegovina,Turkey,Armenia
North Macedonia,Ninanajna,Elena Risteska,Semi Final,2006,76.0,11,10,Athens ,Sweden,Ukraine,Slovenia,Lithuania,Russia,Bulgaria,Finland,Turkey,Bosnia & Herzegovina,Albania
Poland,Follow My Heart,Ich Troje,Semi Final,2006,70.0,12,11,Athens ,Monaco,Ireland,Armenia,Belgium,Bosnia & Herzegovina,Ukraine,Sweden,Russia,Lithuania,Finland
Portugal,Coisas De Nada,Nonstop,Semi Final,2006,26.0,19,19,Athens ,Bulgaria,Belgium,Iceland,Ireland,Lithuania,Bosnia & Herzegovina,Russia,Finland,Ukraine,Sweden
Russia,Never Let You Go,Dima Bilan,Semi Final,2006,217.0,13,3,Athens ,Ireland,Albania,Sweden,Lithuania,Poland,Belarus,Bosnia & Herzegovina,Finland,Ukraine,Armenia
Slovenia,Mr. Nobody,Anžej Dežan,Semi Final,2006,49.0,3,16,Athens ,Albania,Ukraine,Ireland,Russia,Belgium,Lithuania,Sweden,North Macedonia,Finland,Bosnia & Herzegovina
Sweden,Invincible,Carola,Semi Final,2006,214.0,20,4,Athens ,Ireland,Albania,Armenia,Lithuania,Belgium,Iceland,Russia,Estonia,Bosnia & Herzegovina,Finland
Turkey,Superstar,Sibel Tüzün,Semi Final,2006,91.0,14,8,Athens ,Bulgaria,Lithuania,Albania,Russia,Netherlands,Finland,Ukraine,North Macedonia,Armenia,Bosnia & Herzegovina
Ukraine,Show Me Your Love,Tina Karol,Semi Final,2006,146.0,15,7,Athens ,Belarus,Slovenia,Cyprus,Sweden,Lithuania,Finland,Armenia,Bosnia & Herzegovina,Poland,Russia
Albania,Hear My Plea,Aida & Frederik Ndoci,Semi Final,2007,49.0,11,17,Helsinki ,Bulgaria,Serbia,Croatia,Belarus,Hungary,Malta,Montenegro,Cyprus,North Macedonia,Turkey
Andorra,Salvem El Món,Anonymous,Semi Final,2007,80.0,21,12,Helsinki ,Austria,Denmark,Norway,Hungary,Netherlands,Switzerland,Turkey,Slovenia,Poland,Portugal
Austria,Get A Life - Get Alive,Eric Papilaya,Semi Final,2007,4.0,27,27,Helsinki ,Latvia,Slovenia,Albania,Poland,North Macedonia,Bulgaria,Croatia,Hungary,Turkey,Serbia
Belarus,Work Your Magic,Dmitry Koldun,Semi Final,2007,176.0,4,4,Helsinki ,Hungary,Latvia,Iceland,Andorra,Poland,Slovenia,Portugal,Georgia,Serbia,Moldova
Belgium,Love Power,The KMG's,Semi Final,2007,14.0,24,26,Helsinki ,Georgia,Bulgaria,Portugal,Serbia,Cyprus,Slovenia,Hungary,Latvia,Netherlands,Turkey
Bulgaria,Water,Elitsa Todorova & Stoyan Yankulov,Semi Final,2007,146.0,1,6,Helsinki ,Moldova,Albania,Georgia,Hungary,Slovenia,Belarus,Cyprus,Serbia,Turkey,North Macedonia
Croatia,Vjerujem U Ljubav,Dragonfly feat. Dado Topic,Semi Final,2007,54.0,13,16,Helsinki ,Switzerland,Andorra,Albania,Latvia,Montenegro,Bulgaria,Hungary,North Macedonia,Slovenia,Serbia
Cyprus,"Comme Ci, Comme ça",Evridiki,Semi Final,2007,65.0,3,15,Helsinki ,Portugal,Switzerland,Poland,Hungary,Latvia,Moldova,Georgia,Serbia,Belarus,Bulgaria
Czech Republic,Malá Dáma,Kabát,Semi Final,2007,1.0,16,28,Helsinki ,Turkey,Israel,Latvia,Slovenia,Belarus,North Macedonia,Andorra,Hungary,Bulgaria,Serbia
Denmark,Drama Queen,DQ,Semi Final,2007,45.0,12,19,Helsinki ,Belarus,Poland,Switzerland,Netherlands,Latvia,Serbia,Norway,Turkey,Iceland,Hungary
Estonia,Partners In Crime,Gerli Padar,Semi Final,2007,33.0,23,22,Helsinki ,Czech Republic,Switzerland,Israel,Norway,Andorra,Iceland,Belarus,Hungary,Georgia,Latvia
Georgia,Visionary Dream,Sopho,Semi Final,2007,123.0,6,8,Helsinki ,Iceland,Estonia,Bulgaria,Belarus,Latvia,Poland,Moldova,Serbia,Hungary,Belgium
Hungary,Unsubstantial Blues,Magdi Rúzsa,Semi Final,2007,224.0,22,2,Helsinki ,Norway,Belarus,Poland,Latvia,Netherlands,Turkey,Slovenia,Bulgaria,Iceland,Serbia
Iceland,Valentine Lost,Eiríkur Hauksson,Semi Final,2007,77.0,5,13,Helsinki ,Israel,Poland,Turkey,Belarus,Latvia,Andorra,Norway,Denmark,Serbia,Hungary
Israel,Push The Button,Teapacks,Semi Final,2007,17.0,2,24,Helsinki ,Netherlands,Andorra,Moldova,Cyprus,Denmark,Bulgaria,Serbia,Georgia,Latvia,Belarus
Latvia,Questa Notte,Bonaparti.lv,Semi Final,2007,168.0,28,5,Helsinki ,Poland,Serbia,Portugal,Switzerland,Slovenia,Iceland,Georgia,Hungary,Belarus,Estonia
Malta,Vertigo,Olivia Lewis,Semi Final,2007,15.0,20,25,Helsinki ,Serbia,Norway,Bulgaria,Hungary,Slovenia,Denmark,Belarus,Netherlands,Switzerland,Latvia
Moldova,Fight,Natalia Barbu,Semi Final,2007,91.0,9,10,Helsinki ,Norway,Latvia,Slovenia,Estonia,Bulgaria,Serbia,Portugal,Georgia,Turkey,Belarus
Montenegro,Ajde Kroci,Stevan Faddy,Semi Final,2007,33.0,7,22,Helsinki ,Poland,Norway,Turkey,Belarus,Bulgaria,Albania,Croatia,Slovenia,North Macedonia,Serbia
Netherlands,On Top Of The World,Edsilia Rombley,Semi Final,2007,38.0,10,21,Helsinki ,Denmark,Belgium,Norway,Portugal,Georgia,Slovenia,Latvia,Hungary,Serbia,Turkey
North Macedonia,Mojot Svet,Karolina,Semi Final,2007,97.0,18,9,Helsinki ,Andorra,Poland,Montenegro,Belarus,Slovenia,Croatia,Bulgaria,Turkey,Albania,Serbia
Norway,Ven A Bailar Conmigo,Guri Schanke,Semi Final,2007,48.0,19,18,Helsinki ,Netherlands,Andorra,Belarus,Denmark,Slovenia,Turkey,Latvia,Serbia,Hungary,Iceland
Poland,Time To Party,The Jet Set,Semi Final,2007,75.0,14,14,Helsinki ,Turkey,Norway,Georgia,Belarus,Serbia,Andorra,Slovenia,Hungary,Portugal,Latvia
Portugal,Dança Comigo (vem Ser Feliz),Sabrina,Semi Final,2007,88.0,17,11,Helsinki ,Belarus,Norway,Netherlands,Serbia,Bulgaria,Andorra,Slovenia,Latvia,Hungary,Moldova
Serbia,Molitva,Marija Šerifović,Semi Final,2007,298.0,15,1,Helsinki ,Portugal,Poland,Denmark,Belarus,Bulgaria,Croatia,Slovenia,Montenegro,North Macedonia,Hungary
Slovenia,Cvet Z Juga,Alenka Gotar,Semi Final,2007,140.0,25,7,Helsinki ,Portugal,Switzerland,Bulgaria,Andorra,Montenegro,Hungary,Latvia,Croatia,North Macedonia,Serbia
Switzerland,Vampires Are Alive,DJ BoBo,Semi Final,2007,40.0,8,20,Helsinki ,Netherlands,Latvia,Austria,Hungary,Croatia,North Macedonia,Albania,Portugal,Turkey,Serbia
Turkey,Shake It Up Shekerim,Kenan Dogulu,Semi Final,2007,197.0,26,3,Helsinki ,Hungary,Andorra,Slovenia,Albania,Belarus,North Macedonia,Malta,Moldova,Georgia,Bulgaria
Albania,Zemrën E Lamë Peng,Olta Boka,Semi Final,2008,67.0,6,9,Belgrade ,Sweden,Cyprus,Croatia,Denmark,Iceland,Portugal,North Macedonia,Malta,Switzerland,Turkey
Andorra,Casanova,Gisela,Semi Final,2008,22.0,12,16,Belgrade ,Moldova,San Marino,Armenia,Russia,Greece,Romania,Israel,Azerbaijan,Norway,Finland
Armenia,"Qele, Qele",Sirusho,Semi Final,2008,139.0,14,2,Belgrade ,Poland,Azerbaijan,Netherlands,Slovenia,Romania,Moldova,Israel,Norway,Greece,Russia
Azerbaijan,Day After Day,Elnur & Samir,Semi Final,2008,96.0,7,6,Belgrade ,Slovenia,Netherlands,Poland,Bosnia & Herzegovina,Moldova,Romania,Norway,Russia,Israel,Greece
Belarus,Hasta La Vista,Ruslan Alehno,Semi Final,2008,27.0,9,17,Belgrade ,Iceland,Bulgaria,Turkey,Denmark,Albania,Latvia,Croatia,Portugal,Georgia,Ukraine
Belgium,O Julissi,Ishtar,Semi Final,2008,16.0,6,17,Belgrade ,Norway,Finland,Russia,Ireland,Azerbaijan,Romania,Israel,Netherlands,Greece,Armenia
Bosnia & Herzegovina,Pokušaj,Laka,Semi Final,2008,72.0,13,9,Belgrade ,Finland,Ireland,Azerbaijan,Norway,Israel,Armenia,Russia,Greece,Slovenia,Montenegro
Bulgaria,"DJ, Take Me Away",Deep Zone & Balthazar,Semi Final,2008,56.0,12,11,Belgrade ,Latvia,Denmark,Malta,Georgia,Portugal,Croatia,Turkey,Cyprus,North Macedonia,Ukraine
Croatia,Romanca,Kraljevi Ulice & 75 Cents,Semi Final,2008,112.0,11,4,Belgrade ,Bulgaria,Czech Republic,Denmark,Malta,Switzerland,Latvia,Ukraine,Portugal,Albania,North Macedonia
Cyprus,Femme Fatale,Evdokia Kadi,Semi Final,2008,36.0,17,15,Belgrade ,Iceland,Belarus,Portugal,Sweden,Denmark,Croatia,Switzerland,Bulgaria,Ukraine,Georgia
Czech Republic,Have Some Fun,Tereza Kerndlová,Semi Final,2008,9.0,8,18,Belgrade ,Albania,Bulgaria,Croatia,North Macedonia,Latvia,Malta,Portugal,Georgia,Denmark,Ukraine
Denmark,All Night Long,Simon Mathew,Semi Final,2008,112.0,13,3,Belgrade ,Hungary,North Macedonia,Croatia,Malta,Switzerland,Latvia,Ukraine,Turkey,Iceland,Sweden
Estonia,Leto Svet,Kreisiraadio,Semi Final,2008,8.0,3,18,Belgrade ,Bosnia & Herzegovina,Armenia,Andorra,Azerbaijan,Greece,Belgium,Ireland,Norway,Russia,Finland
Finland,Missä Miehet Ratsastaa,Teräsbetoni,Semi Final,2008,79.0,16,8,Belgrade ,Romania,Ireland,Greece,Armenia,Azerbaijan,Russia,Estonia,Bosnia & Herzegovina,Israel,Norway
Georgia,Peace Will Come,Diana Gurtskaya,Semi Final,2008,107.0,14,5,Belgrade ,Hungary,Cyprus,Denmark,Belarus,Turkey,Latvia,Portugal,Croatia,Lithuania,Ukraine
Greece,Secret Combination,Kalomira,Semi Final,2008,156.0,19,1,Belgrade ,Poland,Slovenia,San Marino,Moldova,Israel,Finland,Azerbaijan,Romania,Russia,Armenia
Hungary,Candlelight,Csézy,Semi Final,2008,6.0,15,19,Belgrade ,Sweden,Georgia,Bulgaria,Turkey,Cyprus,Portugal,Iceland,Ukraine,Croatia,Denmark
Iceland,This Is My Life,Euroband,Semi Final,2008,68.0,1,8,Belgrade ,Albania,Georgia,Malta,Croatia,Bulgaria,Ukraine,Latvia,Sweden,Portugal,Denmark
Ireland,Irelande Douze Pointe,Dustin the Turkey,Semi Final,2008,22.0,11,15,Belgrade ,Andorra,Armenia,Bosnia & Herzegovina,Russia,Azerbaijan,Finland,Romania,Norway,Greece,Poland
Israel,The Fire In Your Eyes,Boaz,Semi Final,2008,104.0,2,5,Belgrade ,Netherlands,Slovenia,Ireland,Andorra,Azerbaijan,Norway,Greece,Romania,Armenia,Russia
Latvia,Wolves Of The Sea,Pirates Of The Sea,Semi Final,2008,86.0,10,6,Belgrade ,Bulgaria,Iceland,Portugal,Malta,Belarus,Ukraine,Croatia,Denmark,Georgia,Lithuania
Lithuania,Nomads In The Night,Jeronimas Milius,Semi Final,2008,30.0,5,16,Belgrade ,Bulgaria,Iceland,Sweden,Portugal,Croatia,Belarus,Ukraine,Denmark,Georgia,Latvia
Malta,Vodka,Morena,Semi Final,2008,38.0,16,14,Belgrade ,Czech Republic,Bulgaria,Portugal,Denmark,Iceland,Latvia,Sweden,Ukraine,Georgia,Switzerland
Moldova,A Century Of Love,Geta Burlacu,Semi Final,2008,36.0,4,12,Belgrade ,Estonia,Slovenia,Norway,Greece,Armenia,Bosnia & Herzegovina,Russia,Finland,Azerbaijan,Romania
Montenegro,Zauvijek Volim Te,Stefan Filipović,Semi Final,2008,23.0,1,14,Belgrade ,Ireland,Finland,Azerbaijan,Norway,Israel,Armenia,Greece,Russia,Slovenia,Bosnia & Herzegovina
Netherlands,Your Heart Belongs To Me,Hind,Semi Final,2008,27.0,15,13,Belgrade ,Ireland,Russia,Romania,Azerbaijan,Norway,Israel,Bosnia & Herzegovina,Greece,Belgium,Armenia
North Macedonia,Let Me Love You,"Tamara, Vrčak & Adrijan",Semi Final,2008,64.0,18,10,Belgrade ,Switzerland,Georgia,Denmark,Latvia,Czech Republic,Ukraine,Bulgaria,Turkey,Croatia,Albania
Norway,Hold On Be Strong,Maria,Semi Final,2008,106.0,9,4,Belgrade ,Ireland,Poland,Armenia,Greece,Romania,Finland,Netherlands,Russia,Israel,Bosnia & Herzegovina
Poland,For Life,Isis Gee,Semi Final,2008,42.0,10,10,Belgrade ,Andorra,Slovenia,Romania,Israel,Finland,Greece,Norway,Russia,Azerbaijan,Armenia
Portugal,Senhora Do Mar (Negras Águas),Vânia Fernandes,Semi Final,2008,120.0,19,2,Belgrade ,Bulgaria,Albania,Sweden,Malta,Iceland,Croatia,Georgia,Denmark,Latvia,Ukraine
Romania,Pe-o Margine De Lume,Nico & Vlad,Semi Final,2008,94.0,17,7,Belgrade ,Slovenia,Poland,Netherlands,Norway,Armenia,Israel,Azerbaijan,Russia,Moldova,Greece
Russia,Believe,Dima Bilan,Semi Final,2008,135.0,18,3,Belgrade ,Romania,Slovenia,Poland,Finland,Moldova,Greece,Norway,Israel,Azerbaijan,Armenia
San Marino,Complice,Miodio,Semi Final,2008,5.0,5,19,Belgrade ,Montenegro,Israel,Netherlands,Finland,Moldova,Romania,Norway,Armenia,Poland,Greece
Slovenia,Vrag Naj Vzame,Rebeka Dremelj,Semi Final,2008,36.0,8,11,Belgrade ,Andorra,Norway,Finland,Israel,Armenia,Romania,Russia,Greece,Montenegro,Bosnia & Herzegovina
Sweden,Hero,Charlotte Perrelli,Semi Final,2008,54.0,2,12,Belgrade ,Georgia,North Macedonia,Ukraine,Croatia,Portugal,Turkey,Albania,Latvia,Iceland,Denmark
Switzerland,Era Stupendo,Paolo Meneguzzi,Semi Final,2008,47.0,7,13,Belgrade ,Ukraine,Cyprus,Sweden,Iceland,Denmark,Croatia,Turkey,North Macedonia,Albania,Portugal
Turkey,Deli,Mor ve Ötesi,Semi Final,2008,85.0,3,7,Belgrade ,Czech Republic,Sweden,Iceland,Cyprus,Croatia,Bulgaria,North Macedonia,Albania,Georgia,Ukraine
Ukraine,Shady Lady,Ani Lorak,Semi Final,2008,152.0,4,1,Belgrade ,Iceland,Latvia,Albania,Denmark,Turkey,Bulgaria,Croatia,Portugal,Belarus,Georgia
Albania,Carry Me In Your Dreams,Kejsi Tola,Semi Final,2009,73.0,16,7,Moscow ,Croatia,Slovenia,Hungary,Slovakia,Denmark,Poland,Ireland,Norway,Netherlands,Greece
Andorra,La Teva Decisió (Get A Life),Susanne Georgi,Semi Final,2009,8.0,7,15,Moscow ,Montenegro,Switzerland,Finland,Romania,Turkey,Malta,Sweden,Israel,Iceland,Portugal
Armenia,Jan Jan,Inga & Anush,Semi Final,2009,99.0,6,5,Moscow ,Belgium,Romania,Malta,Belarus,Montenegro,Bosnia & Herzegovina,Israel,Sweden,Turkey,Iceland
Azerbaijan,Always,AySel & Arash,Semi Final,2009,180.0,12,2,Moscow ,Poland,Denmark,Estonia,Greece,Albania,Lithuania,Moldova,Hungary,Ukraine,Norway
Belarus,Eyes That Never Lie,Petr Elfimov,Semi Final,2009,25.0,4,13,Moscow ,Romania,Switzerland,Montenegro,Israel,Bosnia & Herzegovina,Turkey,Sweden,Malta,Armenia,Iceland
Belgium,Copycat,Copycat,Semi Final,2009,1.0,3,17,Moscow ,Finland,Romania,Israel,Sweden,Bosnia & Herzegovina,Portugal,Iceland,Malta,Armenia,Turkey
Bosnia & Herzegovina,Bistra Voda,Regina,Semi Final,2009,125.0,18,3,Moscow ,Armenia,Switzerland,Portugal,Sweden,Malta,Romania,Iceland,North Macedonia,Montenegro,Turkey
Bulgaria,Illusion,Krassimir Avramov,Semi Final,2009,7.0,11,16,Moscow ,Belarus,Portugal,Malta,Israel,Romania,Iceland,Bosnia & Herzegovina,Armenia,North Macedonia,Turkey
Croatia,Lijepa Tena,Igor Cukrov feat. Andrea,Semi Final,2009,33.0,1,13,Moscow ,Ireland,Denmark,Greece,Estonia,Moldova,Azerbaijan,Slovenia,Norway,Albania,Serbia
Cyprus,Firefly,Christina Metaxa,Semi Final,2009,32.0,7,14,Moscow ,Lithuania,Croatia,Denmark,Serbia,Estonia,Ukraine,Moldova,Norway,Azerbaijan,Greece
Czech Republic,Aven Romale,Gipsy.cz,Semi Final,2009,0.0,2,18,Moscow ,Belarus,Portugal,North Macedonia,Israel,Turkey,Sweden,Malta,Bosnia & Herzegovina,Iceland,Armenia
Denmark,Believe Again,Brinck,Semi Final,2009,69.0,9,8,Moscow ,Netherlands,Greece,Poland,Estonia,Lithuania,Albania,Cyprus,Azerbaijan,Ireland,Norway
Estonia,Rändajad,Urban Symphony,Semi Final,2009,115.0,18,3,Moscow ,Latvia,Moldova,Ukraine,Ireland,Greece,Cyprus,Lithuania,Denmark,Azerbaijan,Norway
Finland,Lose Control,Waldo's People,Semi Final,2009,42.0,15,12,Moscow ,Armenia,Portugal,Malta,Belarus,Switzerland,Israel,Turkey,Bosnia & Herzegovina,Sweden,Iceland
Greece,This Is Our Night,Sakis Rouvas,Semi Final,2009,110.0,13,4,Moscow ,Poland,Denmark,Ukraine,Estonia,Serbia,Moldova,Azerbaijan,Norway,Albania,Cyprus
Hungary,Dance With Me,Zoli Ádok,Semi Final,2009,16.0,11,15,Moscow ,Croatia,Serbia,Denmark,Albania,Moldova,Greece,Estonia,Ukraine,Norway,Azerbaijan
Iceland,Is It True?,Yohanna,Semi Final,2009,174.0,12,1,Moscow ,Belarus,Armenia,Bosnia & Herzegovina,Romania,Malta,Israel,Turkey,Portugal,Sweden,Finland
Ireland,Et Cetera,Sinéad Mulvey & Black Daisy,Semi Final,2009,52.0,2,11,Moscow ,Slovakia,Cyprus,Ukraine,Estonia,Moldova,Azerbaijan,Denmark,Norway,Poland,Lithuania
Israel,There Must Be Another Way,Noa & Mira Awad,Semi Final,2009,75.0,10,7,Moscow ,Montenegro,Portugal,Bosnia & Herzegovina,Belarus,Malta,Turkey,Sweden,Romania,Armenia,Iceland
Latvia,Probka,Intars Busulis,Semi Final,2009,7.0,3,19,Moscow ,Cyprus,Moldova,Denmark,Greece,Ireland,Ukraine,Lithuania,Azerbaijan,Norway,Estonia
Lithuania,Love,Sasha Son,Semi Final,2009,66.0,14,9,Moscow ,Cyprus,Ukraine,Poland,Greece,Denmark,Latvia,Ireland,Estonia,Azerbaijan,Norway
Malta,What If We,Chiara,Semi Final,2009,86.0,17,6,Moscow ,Belarus,Romania,Andorra,Israel,Finland,Montenegro,Bosnia & Herzegovina,Sweden,Turkey,Iceland
Moldova,Hora Din Moldova,Nelly Ciobanu,Semi Final,2009,106.0,15,5,Moscow ,Poland,Ireland,Croatia,Lithuania,Albania,Greece,Estonia,Ukraine,Norway,Azerbaijan
Montenegro,Just Get Out of My Life,Andrea Demirović,Semi Final,2009,44.0,1,11,Moscow ,Malta,Belarus,Finland,Armenia,Israel,Romania,Iceland,Turkey,North Macedonia,Bosnia & Herzegovina
Netherlands,Shine,The Toppers,Semi Final,2009,11.0,19,17,Moscow ,Albania,Poland,Ireland,Moldova,Estonia,Serbia,Denmark,Azerbaijan,Greece,Norway
North Macedonia,Neshto Shto Ke Ostane,Next Time,Semi Final,2009,45.0,13,10,Moscow ,Israel,Armenia,Sweden,Iceland,Bulgaria,Belarus,Romania,Montenegro,Bosnia & Herzegovina,Turkey
Norway,Fairytale,Alexander Rybak,Semi Final,2009,201.0,6,1,Moscow ,Greece,Serbia,Poland,Ireland,Albania,Azerbaijan,Lithuania,Estonia,Moldova,Denmark
Poland,I Don't Wanna Leave,Lidia Kopania,Semi Final,2009,43.0,5,12,Moscow ,Denmark,Greece,Ireland,Lithuania,Moldova,Albania,Ukraine,Estonia,Norway,Azerbaijan
Portugal,Todas As Ruas Do Amor,Flor-de-lis,Semi Final,2009,70.0,16,8,Moscow ,Montenegro,Switzerland,Finland,Andorra,Turkey,Malta,Bosnia & Herzegovina,Sweden,Romania,Iceland
Romania,The Balkan Girls,Elena,Semi Final,2009,67.0,14,9,Moscow ,Finland,North Macedonia,Israel,Sweden,Bosnia & Herzegovina,Malta,Portugal,Armenia,Iceland,Turkey
Serbia,Cipela,Marko Kon & Milaan,Semi Final,2009,60.0,4,10,Moscow ,Ukraine,Cyprus,Ireland,Estonia,Slovenia,Azerbaijan,Moldova,Norway,Greece,Croatia
Slovakia,Leť Tmou,Kamil Mikulčík & Nela Pocisková,Semi Final,2009,8.0,8,18,Moscow ,Cyprus,Hungary,Poland,Albania,Greece,Ukraine,Moldova,Estonia,Norway,Azerbaijan
Slovenia,Love Symphony,Quartissimo feat. Martina,Semi Final,2009,14.0,10,16,Moscow ,Estonia,Ireland,Moldova,Greece,Denmark,Azerbaijan,Albania,Norway,Croatia,Serbia
Sweden,La Voix,Malena Ernman,Semi Final,2009,105.0,5,4,Moscow ,Belarus,Switzerland,Portugal,Malta,Armenia,Israel,Turkey,Bosnia & Herzegovina,Finland,Iceland
Switzerland,The Highest Heights,Lovebugs,Semi Final,2009,15.0,8,14,Moscow ,Armenia,Montenegro,Malta,Sweden,Israel,North Macedonia,Iceland,Bosnia & Herzegovina,Portugal,Turkey
Turkey,Düm Tek Tek,Hadise,Semi Final,2009,172.0,9,2,Moscow ,Andorra,Bulgaria,Israel,Sweden,Montenegro,North Macedonia,Romania,Iceland,Armenia,Bosnia & Herzegovina
Ukraine,Be my Valentine! (Anti-crisis Girl),Svetlana Loboda,Semi Final,2009,80.0,17,6,Moscow ,Croatia,Slovakia,Albania,Greece,Lithuania,Poland,Estonia,Moldova,Norway,Azerbaijan
Albania,It's All About You,Juliana Pasha,Semi Final,2010,76.0,12,6,Oslo ,Estonia,Malta,Serbia,Belgium,Portugal,Poland,Bosnia & Herzegovina,Iceland,Greece,North Macedonia
Armenia,Apricot Stone,Eva Rivas,Semi Final,2010,83.0,2,6,Oslo ,Ireland,Lithuania,Sweden,Romania,Denmark,Cyprus,Croatia,Israel,Ukraine,Georgia
Azerbaijan,Drip Drop,Safura,Semi Final,2010,113.0,7,2,Oslo ,Croatia,Sweden,Cyprus,Ireland,Romania,Denmark,Israel,Ukraine,Georgia,Turkey
Belarus,Butterflies,3+2,Semi Final,2010,59.0,16,9,Oslo ,Estonia,Malta,Poland,Bosnia & Herzegovina,Greece,Iceland,Finland,Belgium,Moldova,Russia
Belgium,Me And My Guitar,Tom Dice,Semi Final,2010,167.0,10,1,Oslo ,Slovakia,Moldova,Serbia,Portugal,Russia,Poland,Finland,Albania,Greece,Iceland
Bosnia & Herzegovina,Thunder and Lightning,Vukašin Brajić,Semi Final,2010,59.0,8,8,Oslo ,Estonia,Russia,Portugal,Belgium,Slovakia,Malta,Albania,Greece,North Macedonia,Serbia
Bulgaria,Angel Si Ti,Miro,Semi Final,2010,19.0,13,15,Oslo ,Israel,Denmark,Croatia,Romania,Cyprus,Ukraine,Azerbaijan,Armenia,Georgia,Turkey
Croatia,Lako Je Sve,Feminnem,Semi Final,2010,33.0,15,13,Oslo ,Lithuania,Sweden,Ireland,Denmark,Slovenia,Ukraine,Georgia,Turkey,Azerbaijan,Cyprus
Cyprus,Life Looks Better In Spring,Jon Lilygreen & The Islanders,Semi Final,2010,67.0,14,10,Oslo ,Sweden,Lithuania,Denmark,Israel,Bulgaria,Ukraine,Georgia,Romania,Azerbaijan,Armenia
Denmark,In A Moment Like This,Chanée & N'evergreen,Semi Final,2010,101.0,4,5,Oslo ,Lithuania,Croatia,Ukraine,Netherlands,Azerbaijan,Ireland,Cyprus,Romania,Turkey,Sweden
Estonia,Siren,Malcolm Lincoln,Semi Final,2010,39.0,3,14,Oslo ,Serbia,Greece,Malta,Belarus,Portugal,Latvia,Iceland,Belgium,Finland,Russia
Finland,Työlki Ellää,Kuunkuiskaajat,Semi Final,2010,49.0,5,11,Oslo ,Malta,Slovakia,Russia,Albania,Latvia,Portugal,Iceland,Greece,Belgium,Estonia
Georgia,Shine,Sofia Nizharadze,Semi Final,2010,106.0,16,3,Oslo ,Netherlands,Switzerland,Denmark,Romania,Israel,Turkey,Ukraine,Lithuania,Armenia,Azerbaijan
Greece,OPA,Giorgos Alkaios & Friends,Semi Final,2010,133.0,13,2,Oslo ,Estonia,Malta,Russia,Moldova,Bosnia & Herzegovina,Belarus,Serbia,Iceland,Belgium,Albania
Iceland,Je Ne Sais Quoi,Hera Björk,Semi Final,2010,123.0,17,3,Oslo ,North Macedonia,Estonia,Serbia,Malta,Slovakia,Finland,Portugal,Greece,Albania,Belgium
Ireland,It's For You,Niamh Kavanagh,Semi Final,2010,67.0,12,9,Oslo ,Croatia,Ukraine,Netherlands,Denmark,Sweden,Romania,Georgia,Turkey,Azerbaijan,Lithuania
Israel,Milim,Harel Skaat,Semi Final,2010,71.0,3,8,Oslo ,Slovenia,Ukraine,Ireland,Netherlands,Azerbaijan,Georgia,Denmark,Romania,Cyprus,Armenia
Latvia,What For?,Aisha,Semi Final,2010,11.0,6,17,Oslo ,Malta,Iceland,Serbia,Poland,Belarus,Finland,Portugal,Belgium,Russia,Estonia
Lithuania,Eastern European Funk,InCulto,Semi Final,2010,44.0,1,12,Oslo ,Armenia,Azerbaijan,Sweden,Cyprus,Denmark,Romania,Ireland,Turkey,Ukraine,Georgia
Malta,My Dream,Thea Garrett,Semi Final,2010,45.0,11,12,Oslo ,Russia,Finland,Bosnia & Herzegovina,Portugal,Belarus,Albania,Moldova,Greece,Iceland,Belgium
Moldova,Run Away,Sunstroke Project & Olia Tira,Semi Final,2010,52.0,1,10,Oslo ,Bosnia & Herzegovina,Poland,Serbia,North Macedonia,Portugal,Belgium,Greece,Belarus,Iceland,Russia
Netherlands,Ik Ben Verliefd (Sha-la-lie),Sieneke,Semi Final,2010,29.0,9,14,Oslo ,Azerbaijan,Ukraine,Romania,Denmark,Georgia,Sweden,Turkey,Ireland,Armenia,Israel
North Macedonia,Jas Ja Imam Silata,Gjoko Taneski,Semi Final,2010,37.0,15,15,Oslo ,Iceland,Portugal,Greece,Belgium,Belarus,Malta,Moldova,Bosnia & Herzegovina,Serbia,Albania
Poland,Legenda,Marcin Mroziński,Semi Final,2010,44.0,9,13,Oslo ,Finland,Portugal,Belarus,Albania,Estonia,Bosnia & Herzegovina,Greece,Russia,Iceland,Belgium
Portugal,Há Dias Assim,Filipa Azevedo,Semi Final,2010,89.0,14,4,Oslo ,Russia,Serbia,Malta,Estonia,Slovakia,Iceland,Belarus,Moldova,Greece,Belgium
Romania,Playing With Fire,Paula Seling & Ovi,Semi Final,2010,104.0,10,4,Oslo ,Sweden,Georgia,Israel,Ireland,Ukraine,Cyprus,Turkey,Azerbaijan,Armenia,Denmark
Russia,Lost And Forgotten,Peter Nalitch & Friends,Semi Final,2010,74.0,2,7,Oslo ,North Macedonia,Bosnia & Herzegovina,Finland,Serbia,Moldova,Poland,Greece,Iceland,Belgium,Belarus
Serbia,Ovo Je Balkan,Milan Stanković,Semi Final,2010,79.0,7,5,Oslo ,Moldova,Albania,Iceland,Russia,Portugal,Slovakia,Belgium,North Macedonia,Greece,Bosnia & Herzegovina
Slovakia,Horehronie,Kristina Pelakova,Semi Final,2010,24.0,4,16,Oslo ,North Macedonia,Finland,Belarus,Portugal,Bosnia & Herzegovina,Serbia,Iceland,Greece,Belgium,Malta
Slovenia,Narodnozabavni Rock,Ansambel Žlindra & Kalamari,Semi Final,2010,6.0,11,16,Oslo ,Ukraine,Ireland,Turkey,Romania,Israel,Netherlands,Georgia,Azerbaijan,Denmark,Croatia
Sweden,This Is My Life,Anna Bergendahl,Semi Final,2010,62.0,6,11,Oslo ,Netherlands,Georgia,Azerbaijan,Lithuania,Armenia,Cyprus,Romania,Israel,Turkey,Denmark
Switzerland,Il Pleut de L'Or,Michael von der Heide,Semi Final,2010,2.0,5,17,Oslo ,Georgia,Netherlands,Armenia,Romania,Denmark,Azerbaijan,Croatia,Turkey,Sweden,Ireland
Turkey,We Could Be The Same,maNga,Semi Final,2010,118.0,17,1,Oslo ,Ireland,Sweden,Ukraine,Armenia,Netherlands,Denmark,Bulgaria,Romania,Georgia,Azerbaijan
Ukraine,Sweet People,Alyosha,Semi Final,2010,77.0,8,7,Oslo ,Bulgaria,Lithuania,Romania,Cyprus,Denmark,Israel,Georgia,Armenia,Turkey,Azerbaijan
Albania,Feel The Passion,Aurela Gaçe,Semi Final,2011,47.0,3,14,D,Norway,Serbia,Russia,Portugal,Azerbaijan,Malta,Croatia,San Marino,Greece,Turkey
Armenia,Boom Boom,Emmy,Semi Final,2011,54.0,4,12,D,Norway,Iceland,Switzerland,Lithuania,San Marino,Finland,Malta,Georgia,Greece,Russia
Austria,The Secret Is Love,Nadine Beiler,Semi Final,2011,69.0,2,7,D,Belgium,Bulgaria,Slovakia,Latvia,Estonia,Romania,Denmark,Slovenia,Sweden,Bosnia & Herzegovina
Azerbaijan,Running Scared,Ell/Nikki,Semi Final,2011,122.0,18,2,D,Norway,Albania,Finland,Croatia,Russia,San Marino,Malta,Georgia,Greece,Turkey
Belarus,I Love Belarus,Anastasiya Vinnikova,Semi Final,2011,45.0,16,14,D,Estonia,Latvia,Slovakia,Denmark,Bosnia & Herzegovina,Israel,North Macedonia,Sweden,Moldova,Ukraine
Belgium,With Love Baby,Witloof Bay,Semi Final,2011,53.0,4,11,D,Bulgaria,Israel,Slovakia,Bosnia & Herzegovina,Ireland,Estonia,Denmark,Netherlands,Romania,Sweden
Bosnia & Herzegovina,Love In Rewind,Dino Merlin,Semi Final,2011,109.0,1,5,D,Denmark,Belarus,Ireland,Ukraine,Sweden,Slovakia,Austria,Belgium,North Macedonia,Slovenia
Bulgaria,Na Inat,Poli Genova,Semi Final,2011,48.0,10,12,D,Romania,Moldova,Ukraine,Estonia,Netherlands,Belgium,Ireland,Slovenia,Austria,Denmark
Croatia,Celebrate,Daria,Semi Final,2011,41.0,13,15,D,San Marino,Switzerland,Finland,Malta,Russia,Hungary,Albania,Greece,Azerbaijan,Serbia
Cyprus,San Aggelos S'agapisa,Christos Mylordos,Semi Final,2011,16.0,9,18,D,Israel,Belgium,Belarus,Austria,Ukraine,Denmark,Slovenia,Romania,Bulgaria,Sweden
Denmark,New Tomorrow,A Friend In London,Semi Final,2011,135.0,18,2,D,Ukraine,Latvia,Estonia,Bulgaria,Austria,Romania,Bosnia & Herzegovina,Slovenia,Ireland,Sweden
Estonia,Rockefeller Street,Getter Jaani,Semi Final,2011,60.0,15,9,D,Belgium,Austria,Ireland,Belarus,Slovenia,Romania,Ukraine,Latvia,Denmark,Sweden
Finland,Da Da Dam,Paradise Oskar,Semi Final,2011,103.0,10,3,D,Georgia,Lithuania,Russia,Greece,Azerbaijan,Switzerland,Serbia,Norway,Iceland,Hungary
Georgia,One More Day,Eldrine,Semi Final,2011,74.0,9,6,D,San Marino,Portugal,Turkey,Poland,Russia,Malta,Greece,Armenia,Lithuania,Azerbaijan
Greece,Watch My Dance,Loucas Yiorkas feat. Stereo Mike,Semi Final,2011,133.0,19,1,D,Portugal,San Marino,Russia,Lithuania,Hungary,Iceland,Azerbaijan,Armenia,Georgia,Albania
Hungary,What About My Dreams?,Kati Wolf,Semi Final,2011,72.0,15,7,D,Georgia,Malta,Russia,Poland,Lithuania,Finland,Azerbaijan,Switzerland,Greece,Iceland
Iceland,Coming Home,Sjonni's Friends,Semi Final,2011,100.0,14,4,D,Croatia,Lithuania,Russia,Armenia,Serbia,Switzerland,Hungary,Azerbaijan,Norway,Finland
Ireland,Lipstick,Jedward,Semi Final,2011,68.0,19,8,D,Bulgaria,Austria,Romania,Moldova,Slovakia,Slovenia,Latvia,Sweden,Estonia,Denmark
Israel,Ding Dong,Dana International,Semi Final,2011,38.0,12,15,D,Austria,Belgium,North Macedonia,Moldova,Estonia,Slovenia,Romania,Ukraine,Denmark,Sweden
Latvia,Angel In Disguise,Musiqq,Semi Final,2011,25.0,17,17,D,Moldova,Bosnia & Herzegovina,Belgium,Slovenia,Romania,Belarus,Sweden,Estonia,Ireland,Denmark
Lithuania,C'est Ma Vie,Evelina Sašenko,Semi Final,2011,81.0,17,5,D,Malta,Poland,Serbia,Greece,Russia,Switzerland,Finland,Iceland,Azerbaijan,Georgia
Malta,One Life,Glen Vella,Semi Final,2011,54.0,11,11,D,Hungary,Turkey,Serbia,Norway,Greece,San Marino,Armenia,Georgia,Azerbaijan,Croatia
Moldova,So Lucky,Zdob și Zdub,Semi Final,2011,54.0,7,10,D,North Macedonia,Denmark,Sweden,Slovenia,Bulgaria,Belgium,Slovakia,Ukraine,Belarus,Romania
Netherlands,Never Alone,3JS,Semi Final,2011,13.0,3,19,D,Ireland,Bulgaria,Austria,Romania,Israel,Belgium,Denmark,Slovenia,Bosnia & Herzegovina,Sweden
North Macedonia,Rusinka,Vlatko Ilievski,Semi Final,2011,36.0,11,16,D,Bulgaria,Sweden,Slovakia,Romania,Moldova,Ukraine,Israel,Belarus,Slovenia,Bosnia & Herzegovina
Norway,Haba Haba,Stella Mwangi,Semi Final,2011,30.0,2,17,D,Greece,Malta,Poland,Russia,Hungary,Switzerland,Serbia,Lithuania,Iceland,Finland
Poland,Jestem,Magdalena Tul,Semi Final,2011,18.0,1,19,D,Norway,Armenia,Switzerland,Iceland,Georgia,Serbia,Greece,Azerbaijan,Finland,Lithuania
Portugal,Luta É Alegria,Homens Da Luta,Semi Final,2011,22.0,16,18,D,Serbia,Norway,Russia,Albania,Switzerland,Lithuania,Azerbaijan,Finland,Iceland,Greece
Romania,Change,Hotel FM,Semi Final,2011,111.0,14,4,D,Belarus,Ukraine,Slovakia,Israel,Denmark,Ireland,Sweden,Belgium,Slovenia,Moldova
Russia,Get You,Alexej Vorobjov,Semi Final,2011,64.0,7,9,D,Croatia,Turkey,Iceland,Serbia,Georgia,Greece,Lithuania,Armenia,Azerbaijan,Finland
San Marino,Stand By,Senit,Semi Final,2011,34.0,12,16,D,Russia,Georgia,Serbia,Croatia,Azerbaijan,Greece,Armenia,Albania,Turkey,Malta
Serbia,Čaroban,Nina,Semi Final,2011,67.0,6,8,D,Lithuania,Switzerland,Finland,Georgia,Malta,Russia,Greece,Iceland,Hungary,Croatia
Slovakia,I'm Still Alive,TWiiNS,Semi Final,2011,48.0,5,13,D,Belarus,Ireland,Denmark,Moldova,Austria,Romania,Sweden,Slovenia,Ukraine,Bosnia & Herzegovina
Slovenia,No One,Maja Keuc,Semi Final,2011,112.0,13,3,D,Ireland,Belgium,Slovakia,Bulgaria,Sweden,Ukraine,Austria,North Macedonia,Denmark,Bosnia & Herzegovina
Sweden,Popular,Eric Saade,Semi Final,2011,155.0,8,1,D,Bulgaria,Latvia,Ukraine,Austria,Israel,Estonia,Romania,Bosnia & Herzegovina,Ireland,Denmark
Switzerland,In Love For A While,Anna Rossinelli,Semi Final,2011,55.0,8,10,D,Azerbaijan,Norway,Lithuania,Portugal,Turkey,Albania,Greece,Iceland,Finland,Serbia
Turkey,Live It Up,Yüksek Sadakat,Semi Final,2011,47.0,5,13,D,Finland,Malta,Russia,Greece,San Marino,Hungary,Armenia,Albania,Georgia,Azerbaijan
Ukraine,Angel,Mika Newton,Semi Final,2011,81.0,6,6,D,Austria,Ireland,Denmark,Bosnia & Herzegovina,Sweden,Cyprus,North Macedonia,Estonia,Belarus,Slovakia
Albania,Suus,Rona Nishliu,Semi Final,2012,146.0,5,2,Baku ,Finland,Belgium,Switzerland,Moldova,Romania,Cyprus,Hungary,Greece,San Marino,Montenegro
Austria,Woki Mit Deim Popo,Trackshittaz,Semi Final,2012,8.0,16,18,Baku ,Greece,Iceland,Switzerland,Hungary,Romania,Moldova,Israel,Ireland,Russia,Albania
Belarus,We Are The Heroes,Litesound,Semi Final,2012,35.0,5,16,Baku ,Croatia,North Macedonia,Norway,Estonia,Malta,Georgia,Sweden,Serbia,Lithuania,Ukraine
Belgium,Would You?,Iris,Semi Final,2012,16.0,8,17,Baku ,Finland,Austria,Cyprus,Romania,Iceland,Hungary,Ireland,Greece,Albania,Russia
Bosnia & Herzegovina,Korake Ti Znam,Maya Sar,Semi Final,2012,77.0,17,6,Baku ,Norway,Ukraine,Bulgaria,Portugal,Slovenia,Turkey,Sweden,North Macedonia,Serbia,Croatia
Bulgaria,Love Unlimited,Sofi Marinova,Semi Final,2012,45.0,8,11,Baku ,Bosnia & Herzegovina,Norway,Estonia,Lithuania,Ukraine,Malta,North Macedonia,Turkey,Sweden,Serbia
Croatia,Nebo,Nina Badrić,Semi Final,2012,42.0,10,12,Baku ,Ukraine,Belarus,Portugal,Lithuania,Malta,Sweden,North Macedonia,Slovenia,Serbia,Bosnia & Herzegovina
Cyprus,La La Love,Ivi Adamou,Semi Final,2012,91.0,12,7,Baku ,Israel,Switzerland,Moldova,Denmark,Hungary,Romania,Russia,Iceland,Albania,Greece
Denmark,Should've Known Better,Soluna Samay,Semi Final,2012,63.0,13,9,Baku ,Romania,Ireland,Israel,Greece,Hungary,Moldova,Albania,Finland,Iceland,Russia
Estonia,Kuula,Ott Lepland,Semi Final,2012,100.0,14,4,Baku ,Serbia,Turkey,Malta,Georgia,Ukraine,Slovakia,Netherlands,Norway,Lithuania,Sweden
Finland,När Jag Blundar,Pernilla,Semi Final,2012,41.0,9,12,Baku ,Cyprus,Belgium,Israel,Hungary,Albania,Moldova,Ireland,Denmark,Iceland,Russia
Georgia,I'm A Joker,Anri Jokhadze,Semi Final,2012,36.0,12,14,Baku ,North Macedonia,Bosnia & Herzegovina,Turkey,Malta,Lithuania,Ukraine,Estonia,Belarus,Serbia,Sweden
Greece,Aphrodisiac,Eleftheria Eleftheriou,Semi Final,2012,116.0,3,4,Baku ,Denmark,San Marino,Ireland,Belgium,Iceland,Moldova,Russia,Romania,Albania,Cyprus
Hungary,Sound Of Our Hearts,Compact Disco,Semi Final,2012,52.0,15,10,Baku ,Denmark,Moldova,Romania,Iceland,Israel,Ireland,Russia,Switzerland,Albania,Finland
Iceland,Never Forget,Greta Salóme & Jónsi,Semi Final,2012,75.0,2,8,Baku ,Austria,Switzerland,Albania,Romania,Greece,Russia,Finland,Denmark,Ireland,Cyprus
Ireland,Waterline,Jedward,Semi Final,2012,92.0,18,6,Baku ,Albania,Moldova,Finland,Latvia,Cyprus,Belgium,Denmark,Russia,Greece,Romania
Israel,Time,Izabo,Semi Final,2012,33.0,10,13,Baku ,Switzerland,Finland,Greece,Iceland,Albania,Moldova,Ireland,Romania,Cyprus,Russia
Latvia,Beautiful Song,Anmary,Semi Final,2012,17.0,4,16,Baku ,Israel,Moldova,Cyprus,Albania,Iceland,Finland,Switzerland,Denmark,Ireland,Russia
Lithuania,Love Is Blind,Donny Montell,Semi Final,2012,104.0,18,3,Baku ,Portugal,Serbia,Netherlands,Norway,Ukraine,Malta,Belarus,Estonia,Sweden,Georgia
Malta,This Is The Night,Kurt Calleja,Semi Final,2012,70.0,4,7,Baku ,North Macedonia,Bulgaria,Norway,Belarus,Serbia,Ukraine,Slovakia,Sweden,Lithuania,Turkey
Moldova,Lăutar,Pasha Parfeny,Semi Final,2012,100.0,17,5,Baku ,Albania,Iceland,Cyprus,Latvia,Hungary,Russia,San Marino,Switzerland,Greece,Romania
Montenegro,Euro Neuro,Rambo Amadeus,Semi Final,2012,20.0,1,15,Baku ,Ireland,Latvia,Moldova,San Marino,Iceland,Cyprus,Romania,Russia,Greece,Albania
Netherlands,You And Me,Joan Franka,Semi Final,2012,35.0,3,15,Baku ,Belarus,Malta,Norway,Lithuania,Bosnia & Herzegovina,Portugal,Turkey,Estonia,Serbia,Sweden
North Macedonia,Crno I Belo,Kaliopi,Semi Final,2012,53.0,2,9,Baku ,Belarus,Malta,Ukraine,Slovenia,Bosnia & Herzegovina,Bulgaria,Croatia,Sweden,Turkey,Serbia
Norway,Stay,Tooji,Semi Final,2012,45.0,16,10,Baku ,Turkey,Ukraine,Netherlands,Bosnia & Herzegovina,Portugal,Bulgaria,Lithuania,Estonia,Serbia,Sweden
Portugal,Vida Minha,Filipa Sousa,Semi Final,2012,39.0,6,13,Baku ,Georgia,Ukraine,Norway,Slovakia,Bosnia & Herzegovina,Bulgaria,Lithuania,Serbia,Sweden,Estonia
Romania,Zaleilah,Mandinga,Semi Final,2012,120.0,6,3,Baku ,Belgium,Switzerland,Denmark,Albania,Israel,Russia,Cyprus,Hungary,Moldova,Greece
Russia,Party For Everybody,Buranovskiye Babushki,Semi Final,2012,152.0,14,1,Baku ,Iceland,Albania,Denmark,Latvia,Greece,Israel,Cyprus,Romania,Ireland,Moldova
San Marino,The Social Network Song (Oh Oh – Uh - Oh Oh),Valentina Monetta,Semi Final,2012,31.0,11,14,Baku ,Switzerland,Russia,Iceland,Denmark,Moldova,Romania,Greece,Montenegro,Albania,Ireland
Serbia,Nije Ljubav Stvar,Željko Joksimović,Semi Final,2012,159.0,1,2,Baku ,Slovakia,Bulgaria,Malta,Ukraine,Bosnia & Herzegovina,Lithuania,Sweden,North Macedonia,Slovenia,Croatia
Slovakia,Don't Close Your Eyes,Max Jason Mai,Semi Final,2012,22.0,15,18,Baku ,Ukraine,Malta,Turkey,Norway,Portugal,Bosnia & Herzegovina,Lithuania,Serbia,Estonia,Sweden
Slovenia,Verjamem,Eva Boto,Semi Final,2012,31.0,9,17,Baku ,Estonia,Netherlands,Portugal,Malta,Bosnia & Herzegovina,North Macedonia,Lithuania,Croatia,Sweden,Serbia
Sweden,Euphoria,Loreen,Semi Final,2012,181.0,11,1,Baku ,Netherlands,Lithuania,Slovakia,Malta,Bosnia & Herzegovina,Ukraine,Turkey,Serbia,Norway,Estonia
Switzerland,Unbreakable,Sinplus,Semi Final,2012,45.0,7,11,Baku ,Finland,Romania,Greece,Iceland,Austria,Hungary,Moldova,Russia,Denmark,Albania
Turkey,Love Me Back,Can Bonomo,Semi Final,2012,80.0,13,5,Baku ,Portugal,Lithuania,Georgia,Norway,Sweden,Malta,Netherlands,North Macedonia,Bulgaria,Bosnia & Herzegovina
Ukraine,Be My Guest,Gaitana,Semi Final,2012,64.0,7,8,Baku ,Croatia,Turkey,Estonia,Lithuania,North Macedonia,Malta,Sweden,Serbia,Georgia,Belarus
Albania,Identitet,Adrian Lulgjuraj & Bledar Sejko,Semi Final,2013,31.0,14,15,Malm,Finland,Switzerland,Israel,Bulgaria,Romania,Malta,Hungary,Azerbaijan,Greece,North Macedonia
Armenia,Lonely Planet,Dorians,Semi Final,2013,69.0,11,7,Malm,Iceland,Switzerland,Romania,San Marino,Norway,Israel,Malta,Greece,Bulgaria,Georgia
Austria,Shine,Natália Kelly,Semi Final,2013,27.0,1,14,Malm,Cyprus,Ukraine,Estonia,Belgium,Croatia,Serbia,Moldova,Netherlands,Russia,Denmark
Azerbaijan,Hold Me,Farid Mammadov,Semi Final,2013,139.0,4,1,Malm,San Marino,Albania,Finland,Bulgaria,Norway,Israel,Greece,Romania,Georgia,Malta
Belarus,Solayoh,Alyona Lanskaya,Semi Final,2013,64.0,11,7,Malm,Serbia,Montenegro,Belgium,Ireland,Estonia,Moldova,Lithuania,Denmark,Russia,Ukraine
Belgium,Love Kills,Roberto Bellarosa,Semi Final,2013,75.0,15,5,Malm,Estonia,Cyprus,Austria,Ireland,Moldova,Lithuania,Russia,Ukraine,Denmark,Netherlands
Bulgaria,Samo Shampioni,Elitsa Todorova & Stoyan Yankulov,Semi Final,2013,45.0,7,12,Malm,Switzerland,Romania,Georgia,Israel,North Macedonia,Hungary,Norway,Armenia,Greece,Azerbaijan
Croatia,Mižerja,Klapa s mora,Semi Final,2013,38.0,4,13,Malm,Moldova,Ireland,Belgium,Austria,Slovenia,Montenegro,Ukraine,Russia,Serbia,Denmark
Cyprus,An Me Thimasai,Despina Olympiou,Semi Final,2013,11.0,14,15,Malm,Croatia,Austria,Lithuania,Serbia,Moldova,Belarus,Ireland,Denmark,Russia,Ukraine
Denmark,Only Teardrops,Emmelie de Forest,Semi Final,2013,167.0,5,1,Malm,Estonia,Lithuania,Ireland,Austria,Montenegro,Moldova,Belgium,Ukraine,Netherlands,Russia
Estonia,Et Uus Saaks Alguse,Birgit,Semi Final,2013,52.0,2,10,Malm,Austria,Cyprus,Moldova,Lithuania,Ireland,Ukraine,Netherlands,Belgium,Russia,Denmark
Finland,Marry Me,Krista Siegfrids,Semi Final,2013,64.0,5,9,Malm,San Marino,Israel,Azerbaijan,Romania,Malta,Switzerland,Greece,Hungary,Norway,Iceland
Georgia,Waterfall,Nodi Tatishvili & Sophie Gelovani,Semi Final,2013,63.0,15,10,Malm,San Marino,Greece,Hungary,Bulgaria,Israel,Malta,Latvia,Norway,Armenia,Azerbaijan
Greece,Alcohol Is Free,Koza Mostra feat. Agathon Iakovidis,Semi Final,2013,121.0,9,2,Malm,San Marino,Bulgaria,Switzerland,Norway,Malta,Georgia,Armenia,Albania,Romania,Azerbaijan
Hungary,Kedvesem,ByeAlex,Semi Final,2013,66.0,12,8,Malm,Bulgaria,San Marino,Greece,Georgia,Finland,Switzerland,Norway,Malta,Iceland,Azerbaijan
Iceland,Ég Á Líf,Eythor Ingi,Semi Final,2013,72.0,8,6,Malm,Israel,Greece,Latvia,Georgia,Switzerland,Malta,Finland,Azerbaijan,Romania,Norway
Ireland,Only Love Survives,Ryan Dolan,Semi Final,2013,54.0,13,8,Malm,Croatia,Ukraine,Belarus,Austria,Netherlands,Lithuania,Belgium,Estonia,Russia,Denmark
Israel,Rak Bishvilo,Moran Mazor,Semi Final,2013,40.0,10,14,Malm,Finland,Malta,Hungary,San Marino,Norway,Greece,Georgia,Armenia,Romania,Azerbaijan
Latvia,Here We Go,PeR,Semi Final,2013,13.0,1,17,Malm,Armenia,Hungary,San Marino,Georgia,Greece,Malta,Azerbaijan,Finland,Iceland,Norway
Lithuania,Something,Andrius Pojavis,Semi Final,2013,53.0,10,9,Malm,Croatia,Belgium,Moldova,Estonia,Ireland,Denmark,Netherlands,Belarus,Russia,Ukraine
Malta,Tomorrow,Gianluca,Semi Final,2013,118.0,6,4,Malm,Finland,Switzerland,Norway,Georgia,North Macedonia,San Marino,Greece,Armenia,Romania,Azerbaijan
Moldova,O Mie,Aliona Moon,Semi Final,2013,95.0,12,4,Malm,Ireland,Lithuania,Austria,Belgium,Estonia,Montenegro,Denmark,Russia,Belarus,Ukraine
Montenegro,Igranka,Who See,Semi Final,2013,41.0,9,12,Malm,Belgium,Netherlands,Slovenia,Moldova,Croatia,Belarus,Russia,Denmark,Serbia,Ukraine
Netherlands,Birds,Anouk,Semi Final,2013,75.0,8,6,Malm,Serbia,Belarus,Croatia,Estonia,Ireland,Moldova,Russia,Ukraine,Belgium,Denmark
North Macedonia,Pred Da Se Razdeni,Esma & Lozano,Semi Final,2013,28.0,3,16,Malm,Romania,Latvia,Bulgaria,Georgia,San Marino,Greece,Norway,Azerbaijan,Albania,Malta
Norway,I Feed You My Love,Margaret Berger,Semi Final,2013,120.0,13,3,Malm,Bulgaria,Hungary,Switzerland,Armenia,Azerbaijan,Romania,Greece,Finland,Iceland,Malta
Romania,It's My Life,Cezar,Semi Final,2013,83.0,17,5,Malm,Bulgaria,Israel,Finland,San Marino,Armenia,Hungary,Malta,Norway,Greece,Azerbaijan
Russia,What If,Dina Garipova,Semi Final,2013,156.0,6,2,Malm,Lithuania,Belarus,Netherlands,Croatia,Estonia,Ireland,Ukraine,Belgium,Denmark,Moldova
San Marino,Crisalide (Vola),Valentina Monetta,Semi Final,2013,47.0,2,11,Malm,Georgia,North Macedonia,Azerbaijan,Hungary,Norway,Albania,Finland,Bulgaria,Malta,Greece
Serbia,Ljubav Je Svuda,Moje 3,Semi Final,2013,46.0,16,11,Malm,Netherlands,Austria,Cyprus,Belarus,Ukraine,Russia,Moldova,Denmark,Croatia,Montenegro
Slovenia,Straight Into Love,Hannah,Semi Final,2013,8.0,3,16,Malm,Austria,Croatia,Netherlands,Belarus,Serbia,Belgium,Moldova,Denmark,Russia,Ukraine
Switzerland,You And Me,Takasa,Semi Final,2013,41.0,16,13,Malm,Latvia,Finland,Azerbaijan,North Macedonia,Albania,Greece,Malta,Norway,Iceland,Hungary
Ukraine,Gravity,Zlata Ognevich,Semi Final,2013,140.0,7,3,Malm,Estonia,Serbia,Ireland,Denmark,Lithuania,Croatia,Russia,Montenegro,Moldova,Belarus
Albania,One Night's Anger,Hersi,Semi Final,2014,22.0,6,15,Copenhagen ,Portugal,Netherlands,Ukraine,Moldova,Armenia,Sweden,Azerbaijan,San Marino,Hungary,Montenegro
Armenia,Not Alone,Aram MP3,Semi Final,2014,121.0,1,4,Copenhagen ,Hungary,San Marino,Portugal,Sweden,Estonia,Belgium,Russia,Montenegro,Netherlands,Ukraine
Austria,Rise Like a Phoenix,Conchita Wurst,Semi Final,2014,169.0,6,1,Copenhagen ,Malta,Poland,Greece,Ireland,Norway,Switzerland,Slovenia,Finland,Belarus,Romania
Azerbaijan,Start A Fire,Dilara Kazimova,Semi Final,2014,57.0,8,9,Copenhagen ,Portugal,Montenegro,Netherlands,Belgium,Estonia,San Marino,Latvia,Hungary,Russia,Ukraine
Belarus,Cheesecake,Teo,Semi Final,2014,87.0,10,5,Copenhagen ,North Macedonia,Israel,Switzerland,Malta,Georgia,Lithuania,Austria,Romania,Poland,Greece
Belgium,Mother,Axel Hirsoux,Semi Final,2014,28.0,10,14,Copenhagen ,Russia,Albania,Armenia,Iceland,Latvia,Portugal,Ukraine,Sweden,Netherlands,Hungary
Estonia,Amazing,Tanja,Semi Final,2014,36.0,3,12,Copenhagen ,Russia,Iceland,San Marino,Azerbaijan,Armenia,Latvia,Sweden,Hungary,Ukraine,Netherlands
Finland,Something Better,Softengine,Semi Final,2014,97.0,8,3,Copenhagen ,North Macedonia,Slovenia,Israel,Greece,Malta,Romania,Belarus,Switzerland,Norway,Austria
Georgia,Three Minutes To Earth,The Shin and Mariko,Semi Final,2014,15.0,4,15,Copenhagen ,Finland,North Macedonia,Greece,Slovenia,Norway,Romania,Lithuania,Malta,Austria,Belarus
Greece,Rise Up,Freaky Fortune feat. RiskyKidd,Semi Final,2014,74.0,13,7,Copenhagen ,Georgia,Ireland,Poland,Finland,Switzerland,Israel,Norway,Belarus,Romania,Austria
Hungary,Running,András Kállay-Saunders,Semi Final,2014,127.0,16,3,Copenhagen ,Azerbaijan,Latvia,Ukraine,Montenegro,Russia,Iceland,San Marino,Armenia,Sweden,Netherlands
Iceland,No Prejudice,Pollapönk,Semi Final,2014,61.0,5,8,Copenhagen ,Azerbaijan,Russia,Armenia,San Marino,Estonia,Latvia,Ukraine,Hungary,Sweden,Netherlands
Ireland,Heartbeat,Can-Linn feat. Kasey Smith,Semi Final,2014,35.0,9,12,Copenhagen ,Belarus,Poland,Malta,Greece,Lithuania,Switzerland,Romania,Norway,Finland,Austria
Israel,Same Heart,Mei Finegold,Semi Final,2014,19.0,2,14,Copenhagen ,Ireland,North Macedonia,Finland,Poland,Switzerland,Greece,Belarus,Slovenia,Austria,Romania
Latvia,Cake To Bake,Aarzemnieki,Semi Final,2014,33.0,2,13,Copenhagen ,San Marino,Azerbaijan,Hungary,Russia,Iceland,Armenia,Ukraine,Sweden,Estonia,Netherlands
Lithuania,Attention,Vilija Matačiūnaitė,Semi Final,2014,36.0,7,11,Copenhagen ,Malta,Romania,Slovenia,Poland,Finland,Georgia,Switzerland,Norway,Austria,Belarus
Malta,Coming Home,Firelight,Semi Final,2014,63.0,1,9,Copenhagen ,Poland,Georgia,North Macedonia,Ireland,Switzerland,Belarus,Norway,Greece,Austria,Romania
Moldova,Wild Soul,Cristina Scarlat,Semi Final,2014,13.0,11,16,Copenhagen ,San Marino,Netherlands,Portugal,Hungary,Montenegro,Azerbaijan,Belgium,Ukraine,Sweden,Russia
Montenegro,Moj Svijet,Sergej Ćetković,Semi Final,2014,63.0,15,7,Copenhagen ,Netherlands,Belgium,Portugal,Russia,Sweden,Moldova,Azerbaijan,Ukraine,Armenia,Albania
Netherlands,Calm After The Storm,The Common Linnets,Semi Final,2014,150.0,14,1,Copenhagen ,Albania,Portugal,Belgium,Azerbaijan,Ukraine,Montenegro,Iceland,Sweden,Hungary,Armenia
North Macedonia,To the Sky,Tijana,Semi Final,2014,33.0,11,13,Copenhagen ,Switzerland,Belarus,Poland,Norway,Israel,Austria,Ireland,Romania,Finland,Malta
Norway,Silent Storm,Carl Espen,Semi Final,2014,77.0,3,6,Copenhagen ,Belarus,Malta,Ireland,Slovenia,Lithuania,Greece,Poland,Austria,Romania,Finland
Poland,My Słowianie - We Are Slavic,Donatan & Cleo,Semi Final,2014,70.0,5,8,Copenhagen ,Greece,Lithuania,Slovenia,Malta,Ireland,Norway,Belarus,Finland,Austria,Switzerland
Portugal,Quero Ser Tua,Suzy,Semi Final,2014,39.0,13,11,Copenhagen ,Iceland,Azerbaijan,Latvia,Armenia,Russia,Montenegro,Ukraine,Sweden,Hungary,Netherlands
Romania,Miracle,Paula Seling & OVI,Semi Final,2014,125.0,15,2,Copenhagen ,Israel,Ireland,Malta,Norway,Finland,Slovenia,Greece,Belarus,Switzerland,Austria
Russia,Shine,Tolmachevy Sisters,Semi Final,2014,63.0,7,6,Copenhagen ,Moldova,Netherlands,San Marino,Belgium,Montenegro,Sweden,Ukraine,Hungary,Azerbaijan,Armenia
San Marino,Maybe (Forse),Valentina Monetta,Semi Final,2014,40.0,12,10,Copenhagen ,Belgium,Latvia,Sweden,Ukraine,Albania,Azerbaijan,Iceland,Hungary,Armenia,Netherlands
Slovenia,Round and Round,Tinkara Kovač,Semi Final,2014,52.0,14,10,Copenhagen ,Ireland,Finland,Greece,Norway,Poland,Belarus,Romania,Switzerland,Austria,North Macedonia
Sweden,Undo,Sanna Nielsen,Semi Final,2014,131.0,4,2,Copenhagen ,Latvia,Russia,Montenegro,Portugal,Estonia,Ukraine,Iceland,Armenia,Hungary,Netherlands
Switzerland,Hunter Of Stars,Sebalter,Semi Final,2014,92.0,12,4,Copenhagen ,Ireland,Norway,Poland,Greece,Malta,Slovenia,Romania,Finland,North Macedonia,Austria
Ukraine,Tick - Tock,Mariya Yaremchuk,Semi Final,2014,118.0,9,5,Copenhagen ,Montenegro,Moldova,Iceland,San Marino,Azerbaijan,Russia,Netherlands,Hungary,Sweden,Armenia
Albania,I'm Alive,Elhaida Dani,Semi Final,2015,62.0,14,10,Vienna ,Netherlands,Moldova,Hungary,Georgia,Armenia,Belgium,Russia,Romania,North Macedonia,Greece
Armenia,Face The Shadow,Genealogy,Semi Final,2015,77.0,2,7,Vienna ,Belgium,Denmark,Romania,Estonia,Serbia,Moldova,Belarus,Greece,Russia,Georgia
Azerbaijan,Hour Of The Wolf,Elnur Hüseynov,Semi Final,2015,53.0,11,10,Vienna ,Switzerland,Ireland,Portugal,Sweden,Iceland,Latvia,Lithuania,Israel,Montenegro,Slovenia
Belarus,Time,Uzari & Maimuna,Semi Final,2015,39.0,11,12,Vienna ,Finland,Romania,Greece,Serbia,Moldova,Belgium,Armenia,Estonia,Georgia,Russia
Belgium,Rhythm Inside,Loïc Nottet,Semi Final,2015,149.0,3,2,Vienna ,Denmark,Georgia,Greece,Hungary,Estonia,Netherlands,Romania,Russia,Albania,Armenia
Cyprus,One Thing I Should Have Done,John Karayiannis,Semi Final,2015,87.0,15,6,Vienna ,Ireland,Montenegro,Slovenia,Poland,Azerbaijan,Norway,Lithuania,Latvia,Israel,Sweden
Czech Republic,Hope Never Dies,Marta Jandová & Václav Noid Bárta,Semi Final,2015,33.0,8,13,Vienna ,Lithuania,Israel,Slovenia,Malta,Ireland,Montenegro,Norway,Latvia,Azerbaijan,Sweden
Denmark,The Way You Are,Anti Social Media,Semi Final,2015,33.0,13,13,Vienna ,Serbia,Finland,Belarus,Hungary,Georgia,Romania,Netherlands,Estonia,Russia,Belgium
Estonia,Goodbye to Yesterday,Elina Born & Stig Rästa,Semi Final,2015,105.0,7,3,Vienna ,Greece,North Macedonia,Romania,Finland,Netherlands,Georgia,Denmark,Russia,Belgium,Hungary
Finland,Aina Mun Pitää,Pertti Kurikan Nimipäivät,Semi Final,2015,13.0,5,16,Vienna ,Denmark,Greece,Netherlands,Serbia,Georgia,Romania,Hungary,Estonia,Russia,Belgium
Georgia,Warrior,Nina Sublatti,Semi Final,2015,98.0,16,4,Vienna ,Romania,Netherlands,Estonia,Greece,Belgium,Albania,Russia,Armenia,Moldova,Belarus
Greece,One Last Breath,Maria Elena Kyriakou,Semi Final,2015,81.0,6,6,Vienna ,Denmark,Serbia,Belarus,Estonia,Romania,Belgium,Armenia,Georgia,Albania,Russia
Hungary,Wars For Nothing,Boggie,Semi Final,2015,67.0,10,8,Vienna ,Albania,Finland,Greece,Serbia,Romania,Georgia,Denmark,Estonia,Belgium,Russia
Iceland,Unbroken,María Ólafsdóttir,Semi Final,2015,14.0,12,15,Vienna ,Switzerland,Azerbaijan,Poland,Lithuania,Cyprus,Slovenia,Latvia,Israel,Norway,Sweden
Ireland,Playing With Numbers,Molly Sterling,Semi Final,2015,35.0,2,12,Vienna ,Czech Republic,Iceland,Malta,Norway,Poland,Cyprus,Lithuania,Israel,Sweden,Latvia
Israel,Golden Boy,Nadav Guedj,Semi Final,2015,151.0,9,3,Vienna ,Norway,Latvia,Azerbaijan,Lithuania,Cyprus,Slovenia,Montenegro,Czech Republic,Malta,Sweden
Latvia,Love Injected,Aminata Savadogo,Semi Final,2015,155.0,10,2,Vienna ,Czech Republic,Montenegro,Israel,Ireland,Poland,Cyprus,Norway,Slovenia,Lithuania,Sweden
Lithuania,This Time,Monika & Vaidas,Semi Final,2015,67.0,1,7,Vienna ,Iceland,Ireland,Cyprus,Israel,Poland,Azerbaijan,Slovenia,Norway,Sweden,Latvia
Malta,Warrior,Amber,Semi Final,2015,43.0,5,11,Vienna ,Czech Republic,Cyprus,Slovenia,Lithuania,Norway,Poland,Latvia,Azerbaijan,Israel,Sweden
Moldova,I Want Your Love,Eduard Romanyuta,Semi Final,2015,41.0,1,11,Vienna ,North Macedonia,Estonia,Greece,Armenia,Belgium,Albania,Russia,Belarus,Georgia,Romania
Montenegro,Adio,Knez,Semi Final,2015,57.0,4,9,Vienna ,Czech Republic,Ireland,Israel,Portugal,San Marino,Norway,Azerbaijan,Sweden,Malta,Slovenia
Netherlands,Walk Along,Trijntje Oosterhuis,Semi Final,2015,33.0,4,14,Vienna ,Georgia,Romania,Denmark,Hungary,Armenia,Greece,Serbia,Estonia,Russia,Belgium
North Macedonia,Autumn Leaves,Daniel Kajmakoski,Semi Final,2015,28.0,8,15,Vienna ,Netherlands,Estonia,Georgia,Greece,Moldova,Belgium,Armenia,Russia,Albania,Serbia
Norway,A Monster Like Me,Mørland & Debrah Scarlett,Semi Final,2015,123.0,6,4,Vienna ,Switzerland,Iceland,Montenegro,Slovenia,Poland,Cyprus,Latvia,Israel,Lithuania,Sweden
Poland,In The Name Of Love,Monika Kuszyńska,Semi Final,2015,57.0,17,8,Vienna ,Switzerland,Iceland,Azerbaijan,Cyprus,Slovenia,Norway,Latvia,Czech Republic,Israel,Sweden
Portugal,Há um mar que nos Separa,Leonor Andrade,Semi Final,2015,19.0,7,14,Vienna ,Czech Republic,Poland,Azerbaijan,Slovenia,Montenegro,Cyprus,Latvia,Norway,Israel,Sweden
Romania,De La Capăt / All Over Again,Voltaj,Semi Final,2015,89.0,15,5,Vienna ,Armenia,Estonia,Netherlands,Georgia,Denmark,Greece,Belgium,Moldova,Hungary,Russia
Russia,A Million Voices,Polina Gagarina,Semi Final,2015,182.0,12,1,Vienna ,Romania,Hungary,Albania,Serbia,Greece,Belarus,Georgia,Belgium,Estonia,Armenia
San Marino,Chain Of Lights,Michele Perniola & Anita Simoncini,Semi Final,2015,11.0,3,16,Vienna ,Slovenia,Cyprus,Lithuania,Czech Republic,Ireland,Israel,Malta,Norway,Latvia,Sweden
Serbia,Beauty Never Lies,Bojana Stamenov,Semi Final,2015,63.0,9,9,Vienna ,Georgia,Estonia,Romania,Finland,Moldova,Greece,Belgium,Hungary,Russia,North Macedonia
Slovenia,Here for You,Maraaya,Semi Final,2015,92.0,16,5,Vienna ,Ireland,Poland,Czech Republic,Portugal,Israel,Norway,Cyprus,Latvia,Montenegro,Sweden
Sweden,Heroes,Måns Zelmerlöw,Semi Final,2015,217.0,13,1,Vienna ,Czech Republic,Iceland,Ireland,Azerbaijan,Poland,Cyprus,Montenegro,Latvia,Israel,Norway
Switzerland,Time To Shine,Mélanie René,Semi Final,2015,4.0,14,17,Vienna ,Montenegro,Poland,Lithuania,Slovenia,Cyprus,Portugal,Israel,Latvia,Norway,Sweden
Albania,Fairytale,Eneda Tarifa,Semi Final,2016,45.0,17,16,Stockholm ,Latvia,Poland,Denmark,Israel,Ukraine,Slovenia,Bulgaria,Serbia,Australia,North Macedonia
Armenia,LoveWave,Iveta Mukuchyan,Semi Final,2016,243.0,7,2,Stockholm ,Bosnia & Herzegovina,Croatia,Greece,Netherlands,Czech Republic,Moldova,Russia,Finland,Montenegro,Malta
Australia,Sound of Silence,Dami Im,Semi Final,2016,330.0,10,1,Stockholm ,Switzerland,North Macedonia,Serbia,Slovenia,Norway,Belarus,Lithuania,Bulgaria,Israel,Belgium
Austria,Loin d'ici,Zoë,Semi Final,2016,170.0,12,7,Stockholm ,Estonia,Finland,Iceland,Azerbaijan,Armenia,Netherlands,Croatia,Russia,Czech Republic,Malta
Azerbaijan,Miracle,Samra,Semi Final,2016,185.0,14,6,Stockholm ,Estonia,Czech Republic,San Marino,Malta,Moldova,Greece,Montenegro,Hungary,Bosnia & Herzegovina,Russia
Belarus,Help You Fly,Ivan,Semi Final,2016,84.0,5,12,Stockholm ,Israel,Georgia,Denmark,Bulgaria,Serbia,Norway,Ukraine,Australia,Lithuania,Belgium
Belgium,What's the Pressure,Laura Tesoro,Semi Final,2016,274.0,18,3,Stockholm ,Switzerland,Serbia,Lithuania,Norway,Ukraine,Bulgaria,Slovenia,Georgia,Israel,Australia
Bosnia & Herzegovina,Ljubav Je,Dalal & Deen feat. Ana Rucner & Jala,Semi Final,2016,104.0,17,11,Stockholm ,Netherlands,Malta,Montenegro,Hungary,Croatia,Azerbaijan,Armenia,Russia,San Marino,Czech Republic
Bulgaria,If Love Was a Crime,Poli Genova,Semi Final,2016,220.0,12,5,Stockholm ,Slovenia,Albania,Lithuania,Ukraine,Israel,Belarus,Georgia,Serbia,Belgium,Australia
Croatia,Lighthouse,Nina Kraljić,Semi Final,2016,133.0,5,10,Stockholm ,Iceland,Netherlands,Azerbaijan,Bosnia & Herzegovina,Armenia,Russia,Malta,Hungary,Cyprus,Czech Republic
Cyprus,Alter Ego,Minus One,Semi Final,2016,164.0,11,8,Stockholm ,Iceland,Austria,Greece,Azerbaijan,Czech Republic,Hungary,Croatia,Malta,Armenia,Russia
Czech Republic,I Stand,Gabriela Gunčíková,Semi Final,2016,161.0,10,9,Stockholm ,Cyprus,Bosnia & Herzegovina,Azerbaijan,Iceland,Austria,Croatia,Finland,Malta,Netherlands,Hungary
Denmark,Soldiers of Love,Lighthouse X,Semi Final,2016,34.0,13,17,Stockholm ,Ukraine,Switzerland,Latvia,Ireland,Israel,Norway,Bulgaria,Belgium,Lithuania,Australia
Estonia,Play,Jüri Pootsmann,Semi Final,2016,24.0,13,18,Stockholm ,Russia,Armenia,Croatia,Iceland,Hungary,Czech Republic,Azerbaijan,Malta,Cyprus,Netherlands
Finland,Sing It Away,Sandhja,Semi Final,2016,51.0,1,15,Stockholm ,Estonia,Azerbaijan,Austria,Iceland,Croatia,Russia,Armenia,Malta,Czech Republic,Netherlands
Georgia,Midnight Gold,Nika Kocharov & Young Georgian Lolitaz,Semi Final,2016,123.0,16,9,Stockholm ,Norway,Lithuania,Poland,Denmark,Latvia,Israel,Switzerland,Australia,Belgium,Ukraine
Greece,Utopian Land,Argo,Semi Final,2016,44.0,2,16,Stockholm ,Netherlands,Austria,Moldova,Malta,Azerbaijan,Montenegro,Hungary,Cyprus,Armenia,Russia
Hungary,Pioneer,Freddie,Semi Final,2016,197.0,4,4,Stockholm ,Iceland,Cyprus,Croatia,Finland,Armenia,Netherlands,Azerbaijan,Czech Republic,Russia,Malta
Iceland,Hear Them Calling,Greta Salóme,Semi Final,2016,51.0,16,14,Stockholm ,Cyprus,Hungary,Azerbaijan,Austria,Armenia,Malta,Croatia,Czech Republic,Russia,Netherlands
Ireland,Sunlight,Nicky Byrne,Semi Final,2016,46.0,7,15,Stockholm ,Georgia,Belarus,Lithuania,Latvia,Switzerland,Australia,Israel,Slovenia,Bulgaria,Belgium
Israel,Made of Stars,Hovi Star,Semi Final,2016,147.0,4,7,Stockholm ,Switzerland,Ireland,Bulgaria,Lithuania,Georgia,Belgium,Latvia,North Macedonia,Ukraine,Australia
Latvia,Heartbeat,Justs,Semi Final,2016,132.0,1,8,Stockholm ,Belarus,Israel,Slovenia,Belgium,Serbia,Georgia,Bulgaria,Australia,Ukraine,Lithuania
Lithuania,I've Been Waiting for This Night,Donny Montell,Semi Final,2016,222.0,9,4,Stockholm ,Slovenia,Bulgaria,Poland,Norway,Belgium,Israel,Latvia,Ukraine,Georgia,Australia
Malta,Walk on Water,Ira Losco,Semi Final,2016,209.0,18,3,Stockholm ,Austria,Estonia,Czech Republic,Moldova,Finland,San Marino,Montenegro,Cyprus,Russia,Armenia
Moldova,Falling Stars,Lidia Isac,Semi Final,2016,33.0,3,17,Stockholm ,Bosnia & Herzegovina,Estonia,Hungary,Netherlands,Croatia,Malta,Cyprus,Czech Republic,Armenia,Russia
Montenegro,The Real Thing,Highway,Semi Final,2016,60.0,15,13,Stockholm ,Hungary,Netherlands,Greece,Czech Republic,Azerbaijan,Bosnia & Herzegovina,Croatia,Russia,Malta,Armenia
Netherlands,Slow Down,Douwe Bob,Semi Final,2016,197.0,6,5,Stockholm ,Russia,Finland,Hungary,Czech Republic,Armenia,Austria,Azerbaijan,Malta,Cyprus,Croatia
North Macedonia,Dona,Kaliopi,Semi Final,2016,88.0,8,11,Stockholm ,Georgia,Latvia,Belgium,Australia,Lithuania,Israel,Slovenia,Bulgaria,Ukraine,Serbia
Norway,Icebreaker,Agnete,Semi Final,2016,63.0,15,13,Stockholm ,Georgia,Latvia,Ireland,Poland,Israel,Ukraine,Belgium,Lithuania,Bulgaria,Australia
Poland,Color of Your Life,Michał Szpak,Semi Final,2016,151.0,2,6,Stockholm ,Serbia,Belgium,Lithuania,Belarus,Bulgaria,Latvia,Georgia,Israel,Australia,Ukraine
Russia,You Are the Only One,Sergey Lazarev,Semi Final,2016,342.0,9,1,Stockholm ,Croatia,Estonia,Montenegro,Hungary,Czech Republic,Moldova,Greece,Malta,Azerbaijan,Armenia
San Marino,I Didn't Know,Serhat,Semi Final,2016,68.0,8,12,Stockholm ,Croatia,Bosnia & Herzegovina,Russia,Czech Republic,Malta,Azerbaijan,Iceland,Cyprus,Montenegro,Netherlands
Serbia,Goodbye (Shelter),Sanja Vučić ZAA,Semi Final,2016,105.0,6,10,Stockholm ,Poland,Bulgaria,Georgia,Australia,Lithuania,Slovenia,Israel,Albania,Ukraine,North Macedonia
Slovenia,Blue and Red,ManuElla,Semi Final,2016,57.0,11,14,Stockholm ,Lithuania,Belarus,Poland,Israel,Australia,Bulgaria,Switzerland,Ukraine,Latvia,Belgium
Switzerland,The Last of Our Kind,Rykka,Semi Final,2016,28.0,3,18,Stockholm ,Belarus,Norway,Serbia,Bulgaria,Ukraine,Latvia,Belgium,Lithuania,Israel,Australia
Ukraine,1944,Jamala,Semi Final,2016,287.0,14,2,Stockholm ,Poland,Ireland,Serbia,Georgia,Belarus,Latvia,Israel,Lithuania,Belgium,Australia
Albania,World,Lindita,Semi Final,2017,76.0,4,14,Kyiv ,Georgia,Poland,Belgium,Sweden,Australia,Portugal,Azerbaijan,Greece,Armenia,Moldova
Armenia,Fly With Me,Artsvik,Semi Final,2017,152.0,16,7,Kyiv ,Australia,Poland,Iceland,Czech Republic,Sweden,Georgia,Portugal,Moldova,Greece,Cyprus
Australia,Don't Come Easy,Isaiah,Semi Final,2017,160.0,3,6,Kyiv ,Greece,Iceland,Azerbaijan,Czech Republic,Armenia,Portugal,Finland,Sweden,Moldova,Poland
Austria,Running On Air,Nathan Trent,Semi Final,2017,147.0,2,7,Kyiv ,Croatia,Estonia,Hungary,Switzerland,Norway,Malta,Belarus,Netherlands,Ireland,Bulgaria
Azerbaijan,Skeletons,Dihaj,Semi Final,2017,150.0,8,8,Kyiv ,Latvia,Iceland,Poland,Czech Republic,Moldova,Georgia,Australia,Montenegro,Albania,Portugal
Belarus,Historyja majho žyccia,Naviband,Semi Final,2017,110.0,14,9,Kyiv ,Estonia,Denmark,Croatia,Serbia,Malta,Austria,Lithuania,Netherlands,Norway,Bulgaria
Belgium,City Lights,Blanche,Semi Final,2017,165.0,5,4,Kyiv ,Moldova,Iceland,Georgia,Poland,Azerbaijan,Czech Republic,Portugal,Cyprus,Australia,Sweden
Bulgaria,Beautiful Mess,Kristian Kostov,Semi Final,2017,403.0,15,1,Kyiv ,Ireland,Serbia,Switzerland,Denmark,Norway,Croatia,Malta,Netherlands,Israel,Austria
Croatia,My Friend,Jacques Houdek,Semi Final,2017,141.0,11,8,Kyiv ,Malta,Serbia,Israel,Norway,Austria,Bulgaria,Belarus,Denmark,Hungary,Netherlands
Cyprus,Gravity,Hovig,Semi Final,2017,164.0,15,5,Kyiv ,Czech Republic,Poland,Belgium,Azerbaijan,Armenia,Finland,Australia,Sweden,Portugal,Greece
Czech Republic,My Turn,Martina Bárta,Semi Final,2017,83.0,14,13,Kyiv ,Finland,Montenegro,Belgium,Azerbaijan,Cyprus,Moldova,Portugal,Poland,Sweden,Australia
Denmark,Where I Am,Anja,Semi Final,2017,101.0,8,10,Kyiv ,Estonia,Ireland,Hungary,Switzerland,Israel,Bulgaria,Austria,Serbia,Netherlands,Norway
Estonia,Verona,Koit Toome & Laura,Semi Final,2017,85.0,17,14,Kyiv ,Serbia,Hungary,Switzerland,Malta,Austria,Netherlands,Ireland,Denmark,Norway,Bulgaria
Finland,Blackbird,Norma John,Semi Final,2017,92.0,7,12,Kyiv ,Slovenia,Poland,Georgia,Armenia,Iceland,Moldova,Cyprus,Australia,Portugal,Sweden
Georgia,Keep The Faith,Tamara Gachechiladze,Semi Final,2017,99.0,2,11,Kyiv ,Czech Republic,Iceland,Moldova,Slovenia,Cyprus,Australia,Armenia,Sweden,Azerbaijan,Portugal
Greece,This is Love,Demy,Semi Final,2017,115.0,10,10,Kyiv ,Belgium,Sweden,Moldova,Georgia,Portugal,Cyprus,Montenegro,Azerbaijan,Albania,Armenia
Hungary,Origo,Joci Pápai,Semi Final,2017,231.0,7,2,Kyiv ,Israel,North Macedonia,Belarus,Serbia,Ireland,Denmark,Norway,Austria,Netherlands,Bulgaria
Iceland,Paper,Svala,Semi Final,2017,60.0,13,15,Kyiv ,Greece,Belgium,Finland,Cyprus,Czech Republic,Azerbaijan,Georgia,Sweden,Australia,Portugal
Ireland,Dying To Try,Brendan Murray,Semi Final,2017,86.0,9,13,Kyiv ,Denmark,Serbia,Netherlands,Romania,Malta,Israel,Norway,Switzerland,Austria,Bulgaria
Israel,I Feel Alive,Imri Ziv,Semi Final,2017,207.0,18,3,Kyiv ,Switzerland,Malta,Romania,Denmark,Belarus,Bulgaria,Estonia,Austria,Norway,Hungary
Latvia,Line,Triana Park,Semi Final,2017,21.0,18,18,Kyiv ,Azerbaijan,Sweden,Poland,Armenia,Belgium,Moldova,Czech Republic,Iceland,Australia,Portugal
Lithuania,Rain Of Revolution,Fusedmarc,Semi Final,2017,42.0,16,17,Kyiv ,Malta,Hungary,Belarus,Austria,Netherlands,Denmark,Switzerland,Ireland,Bulgaria,Norway
Malta,Breathlessly,Claudia Faniello,Semi Final,2017,55.0,4,16,Kyiv ,Ireland,Serbia,Estonia,Romania,Denmark,Netherlands,Belarus,North Macedonia,Israel,Bulgaria
Moldova,Hey Mamma,Sunstroke Project,Semi Final,2017,291.0,12,2,Kyiv ,Poland,Iceland,Finland,Azerbaijan,Georgia,Australia,Greece,Sweden,Armenia,Portugal
Montenegro,Space,Slavko Kalezić,Semi Final,2017,56.0,6,16,Kyiv ,Slovenia,Czech Republic,Australia,Portugal,Moldova,Sweden,Azerbaijan,Armenia,Albania,Greece
Netherlands,Lights And Shadows,OG3NE,Semi Final,2017,200.0,6,4,Kyiv ,Romania,Croatia,Malta,Switzerland,Israel,Serbia,Norway,Austria,Denmark,Bulgaria
North Macedonia,Dance Alone,Jana Burčeska,Semi Final,2017,69.0,3,15,Kyiv ,Switzerland,Estonia,Austria,Lithuania,Hungary,Netherlands,Denmark,Malta,Romania,Bulgaria
Norway,Grab the Moment,Jowst,Semi Final,2017,189.0,12,5,Kyiv ,Croatia,Hungary,North Macedonia,Austria,Switzerland,Serbia,Israel,Netherlands,Denmark,Bulgaria
Poland,Flashlight,Kasia Moś,Semi Final,2017,119.0,11,9,Kyiv ,Finland,Greece,Czech Republic,Sweden,Slovenia,Armenia,Belgium,Australia,Georgia,Portugal
Portugal,Amar Pelos Dois,Salvador Sobral,Semi Final,2017,370.0,9,1,Kyiv ,Poland,Greece,Georgia,Armenia,Sweden,Australia,Finland,Azerbaijan,Moldova,Czech Republic
Romania,Yodel It!,Ilinca feat. Alex Florea,Semi Final,2017,174.0,5,6,Kyiv ,Malta,Norway,Ireland,Israel,Austria,Switzerland,Croatia,Bulgaria,Denmark,Netherlands
San Marino,Spirit Of The Night,Valentina Monetta & Jimmie Wilson,Semi Final,2017,1.0,10,18,Kyiv ,Malta,Serbia,Hungary,Croatia,Denmark,Lithuania,Austria,Bulgaria,Norway,Netherlands
Serbia,In Too Deep,Tijana Bogićević,Semi Final,2017,98.0,1,11,Kyiv ,Norway,Malta,Croatia,Denmark,North Macedonia,Austria,Israel,Netherlands,Bulgaria,Hungary
Slovenia,On My Way,Omar Naber,Semi Final,2017,36.0,17,17,Kyiv ,Armenia,Belgium,Azerbaijan,Poland,Georgia,Finland,Sweden,Portugal,Czech Republic,Australia
Sweden,I Can't Go On,Robin Bengtsson,Semi Final,2017,227.0,1,3,Kyiv ,Slovenia,Iceland,Belgium,Czech Republic,Portugal,Georgia,Finland,Cyprus,Moldova,Australia
Switzerland,Apollo,Timebelle,Semi Final,2017,97.0,13,12,Kyiv ,Belarus,Ireland,Denmark,Israel,Hungary,Serbia,Austria,Netherlands,Norway,Bulgaria
Albania,Mall,Eugent Bushpepa,Semi Final,2018,162.0,3,8,Lisbon ,Lithuania,Switzerland,Greece,Belgium,Azerbaijan,Bulgaria,Belarus,North Macedonia,Israel,Cyprus
Armenia,Qami,Sevak Khanagyan,Semi Final,2018,79.0,16,15,Lisbon ,Belarus,Greece,Switzerland,Austria,Albania,Belgium,Czech Republic,Estonia,Cyprus,Israel
Australia,We Got Love,Jessica Mauboy,Semi Final,2018,212.0,9,4,Lisbon ,Netherlands,Slovenia,Malta,Hungary,Latvia,Denmark,Ukraine,Norway,Moldova,Sweden
Austria,Nobody But You,Cesár Sampson,Semi Final,2018,231.0,13,4,Lisbon ,Switzerland,Lithuania,Estonia,Bulgaria,Ireland,Albania,Belgium,Czech Republic,Armenia,Israel
Azerbaijan,X My Heart,Aisel,Semi Final,2018,94.0,1,11,Lisbon ,Estonia,Bulgaria,Switzerland,Israel,Croatia,North Macedonia,Albania,Cyprus,Greece,Belarus
Belarus,Forever,Alekseev,Semi Final,2018,65.0,8,16,Lisbon ,Austria,Ireland,Finland,Armenia,Bulgaria,Israel,Iceland,Croatia,Czech Republic,Albania
Belgium,A Matter of Time,Sennek,Semi Final,2018,91.0,4,12,Lisbon ,Iceland,Bulgaria,Cyprus,Albania,Ireland,Armenia,Israel,Switzerland,Czech Republic,Austria
Bulgaria,Bones,Equinox,Semi Final,2018,177.0,10,7,Lisbon ,Finland,Armenia,Cyprus,Croatia,Israel,Albania,Czech Republic,Austria,Lithuania,Belgium
Croatia,Crazy,Franka,Semi Final,2018,63.0,12,17,Lisbon ,Belgium,Cyprus,Greece,Albania,Switzerland,Bulgaria,Ireland,Lithuania,Czech Republic,Israel
Cyprus,Fuego,Eleni Foureira,Semi Final,2018,262.0,19,2,Lisbon ,Czech Republic,Finland,Austria,Croatia,Estonia,Bulgaria,Albania,Greece,Azerbaijan,Israel
Czech Republic,Lie To Me,Mikolas Josef,Semi Final,2018,232.0,5,3,Lisbon ,Austria,Armenia,Lithuania,Iceland,Albania,Switzerland,Bulgaria,Ireland,Belgium,Israel
Denmark,Higher Ground,Rasmussen,Semi Final,2018,204.0,5,5,Lisbon ,Serbia,Moldova,Ukraine,Slovenia,Netherlands,Norway,Latvia,Malta,Sweden,Australia
Estonia,La Forza,Elina Nechayeva,Semi Final,2018,201.0,9,5,Lisbon ,Albania,Croatia,Azerbaijan,Belgium,Finland,Ireland,Bulgaria,Cyprus,Lithuania,Austria
Finland,Monsters,Saara Aalto,Semi Final,2018,108.0,15,10,Lisbon ,Switzerland,Lithuania,Armenia,Ireland,Belgium,Albania,Cyprus,Austria,Bulgaria,Israel
Georgia,For You,Ethno-Jazz Band Iriao,Semi Final,2018,24.0,10,18,Lisbon ,Slovenia,Hungary,Moldova,Malta,Norway,Romania,Ukraine,Latvia,Netherlands,Sweden
Greece,Oniro Mou,Yianna Terzi,Semi Final,2018,81.0,14,14,Lisbon ,Switzerland,Czech Republic,North Macedonia,Israel,Croatia,Bulgaria,Cyprus,Albania,Estonia,Azerbaijan
Hungary,Viszlát Nyár,AWS,Semi Final,2018,111.0,13,10,Lisbon ,Georgia,Latvia,Sweden,Poland,Denmark,Serbia,Norway,Netherlands,Australia,Romania
Iceland,Our Choice,Ari Ólafsson,Semi Final,2018,15.0,2,19,Lisbon ,Greece,Belgium,Switzerland,Finland,Czech Republic,Estonia,Austria,Ireland,Israel,Albania
Ireland,Together,Ryan O'Shaughnessy,Semi Final,2018,179.0,18,6,Lisbon ,Greece,Belgium,Switzerland,Czech Republic,Finland,Bulgaria,Austria,Estonia,Israel,Cyprus
Israel,Toy,Netta,Semi Final,2018,283.0,7,1,Lisbon ,North Macedonia,Lithuania,Czech Republic,Albania,Armenia,Croatia,Finland,Switzerland,Azerbaijan,Austria
Latvia,Funny Girl,Laura Rizzotto,Semi Final,2018,106.0,14,12,Lisbon ,Ukraine,Georgia,Romania,Slovenia,Norway,Moldova,Malta,Netherlands,Sweden,Australia
Lithuania,When We're Old,Ieva Zasimauskaitė,Semi Final,2018,119.0,6,9,Lisbon ,Albania,Finland,Bulgaria,Estonia,Czech Republic,Switzerland,Israel,Belgium,Austria,Ireland
Malta,Taboo,Christabelle,Semi Final,2018,101.0,12,13,Lisbon ,Serbia,Romania,San Marino,Moldova,Montenegro,Ukraine,Australia,Denmark,Sweden,Norway
Moldova,My Lucky Day,DoReDos,Semi Final,2018,235.0,7,3,Lisbon ,Denmark,Malta,Latvia,Norway,Netherlands,Slovenia,Russia,Ukraine,Australia,Romania
Montenegro,Inje,Vanja Radovanović,Semi Final,2018,40.0,16,16,Lisbon ,Denmark,Sweden,Australia,Netherlands,Moldova,Norway,Malta,Romania,Ukraine,Serbia
Netherlands,Outlaw In 'Em,Waylon,Semi Final,2018,174.0,8,7,Lisbon ,Malta,Romania,Moldova,Australia,Poland,Ukraine,Latvia,Slovenia,Norway,Sweden
North Macedonia,Lost And Found,Eye Cue,Semi Final,2018,24.0,11,18,Lisbon ,Ireland,Iceland,Cyprus,Estonia,Israel,Croatia,Azerbaijan,Czech Republic,Albania,Bulgaria
Norway,That's How You Write a Song,Alexander Rybak,Semi Final,2018,266.0,1,1,Lisbon ,Poland,Romania,Ukraine,Russia,Slovenia,Malta,Latvia,Netherlands,Australia,Sweden
Poland,Light Me Up,Gromee feat. Lukas Meijer,Semi Final,2018,81.0,11,14,Lisbon ,Malta,Ukraine,Romania,Norway,Slovenia,Hungary,Latvia,Australia,Netherlands,Sweden
Romania,Goodbye,The Humans,Semi Final,2018,107.0,2,11,Lisbon ,Latvia,Norway,Hungary,Slovenia,San Marino,Serbia,Montenegro,Netherlands,Malta,Moldova
Russia,I Won't Break,Julia Samoylova,Semi Final,2018,65.0,6,15,Lisbon ,San Marino,Poland,Australia,Romania,Hungary,Ukraine,Serbia,Sweden,Norway,Moldova
San Marino,Who We Are,Jessika feat. Jenifer Brening,Semi Final,2018,28.0,4,17,Lisbon ,Ukraine,Poland,Slovenia,Netherlands,Latvia,Serbia,Norway,Malta,Moldova,Sweden
Serbia,Nova Deca,Sanja Ilić & Balkanika,Semi Final,2018,117.0,3,9,Lisbon ,Romania,Slovenia,Latvia,Malta,Denmark,Australia,Montenegro,Norway,Netherlands,Sweden
Slovenia,"Hvala, ne!",Lea Sirk,Semi Final,2018,132.0,17,8,Lisbon ,Montenegro,Australia,Hungary,Serbia,Moldova,Romania,Norway,Malta,Netherlands,Sweden
Sweden,Dance You Off,Benjamin Ingrosso,Semi Final,2018,254.0,15,2,Lisbon ,Poland,Moldova,Romania,Malta,Ukraine,Netherlands,Latvia,Slovenia,Australia,Norway
Switzerland,Stones,Zibbz,Semi Final,2018,86.0,17,13,Lisbon ,Iceland,Finland,Bulgaria,Cyprus,Israel,Austria,Lithuania,Czech Republic,Ireland,Estonia
Ukraine,Under the Ladder,Mélovin,Semi Final,2018,179.0,18,6,Lisbon ,Norway,Romania,Montenegro,Denmark,Slovenia,Australia,Sweden,Georgia,Latvia,Netherlands
Albania,Ktheju Tokës,Jonida Maliqi,Semi Final,2019,96.0,14,9,Tel Aviv ,Austria,Croatia,Moldova,Netherlands,Switzerland,Malta,Sweden,Russia,Azerbaijan,North Macedonia
Armenia,Walking Out,Srbuk,Semi Final,2019,49.0,1,16,Tel Aviv ,Norway,Romania,Latvia,Netherlands,Moldova,Switzerland,Russia,North Macedonia,Malta,Sweden
Australia,Zero Gravity,Kate Miller-Heidke,Semi Final,2019,261.0,12,1,Tel Aviv ,San Marino,Finland,Serbia,Slovenia,Georgia,Hungary,Greece,Poland,Iceland,Czech Republic
Austria,Limits,Pænda,Semi Final,2019,21.0,9,17,Tel Aviv ,Armenia,Malta,Norway,Denmark,Croatia,Azerbaijan,Switzerland,North Macedonia,Netherlands,Sweden
Azerbaijan,Truth,Chingiz,Semi Final,2019,224.0,18,5,Tel Aviv ,Lithuania,Switzerland,Moldova,Netherlands,Latvia,Malta,Albania,Romania,North Macedonia,Russia
Belarus,Like It,Zena,Semi Final,2019,122.0,8,10,Tel Aviv ,Iceland,Hungary,San Marino,Cyprus,Greece,Poland,Czech Republic,Australia,Georgia,Estonia
Belgium,Wake Up,Eliot,Semi Final,2019,70.0,10,13,Tel Aviv ,Portugal,Hungary,Cyprus,Belarus,Serbia,Greece,Estonia,Czech Republic,Iceland,Australia
Croatia,The Dream,Roko,Semi Final,2019,64.0,10,14,Tel Aviv ,Armenia,Moldova,Russia,Sweden,Albania,Malta,Azerbaijan,Netherlands,Switzerland,North Macedonia
Cyprus,Replay,Tamta,Semi Final,2019,149.0,1,9,Tel Aviv ,Czech Republic,San Marino,Portugal,Montenegro,Slovenia,Serbia,Georgia,Iceland,Belgium,Greece
Czech Republic,Friend of a Friend,Lake Malawi,Semi Final,2019,242.0,6,2,Tel Aviv ,Georgia,Portugal,Belgium,Hungary,Greece,Serbia,Poland,Belarus,Cyprus,Slovenia
Denmark,Love Is Forever,Leonora,Semi Final,2019,94.0,7,10,Tel Aviv ,Azerbaijan,Austria,Russia,Switzerland,Croatia,Latvia,Netherlands,Norway,North Macedonia,Sweden
Estonia,Storm,Victor Crone,Semi Final,2019,198.0,14,4,Tel Aviv ,Australia,Iceland,San Marino,Greece,Hungary,Serbia,Poland,Cyprus,Belarus,Czech Republic
Finland,Look Away,Darude feat. Sebastian Rejman,Semi Final,2019,23.0,3,17,Tel Aviv ,Hungary,Belgium,Serbia,Iceland,Slovenia,Estonia,Greece,Czech Republic,Poland,Australia
Georgia,Keep on Going,Oto Nemsadze,Semi Final,2019,62.0,11,14,Tel Aviv ,Hungary,Belgium,Belarus,Australia,Cyprus,Serbia,Slovenia,Estonia,Greece,Czech Republic
Greece,Better Love,Katerine Duska,Semi Final,2019,185.0,16,5,Tel Aviv ,Slovenia,Iceland,San Marino,Finland,Montenegro,Serbia,Belarus,Czech Republic,Australia,Cyprus
Hungary,Az én apám,Joci Pápai,Semi Final,2019,97.0,7,12,Tel Aviv ,Iceland,Georgia,Slovenia,Greece,Australia,Estonia,Serbia,Poland,Czech Republic,Belarus
Iceland,Hatrið mun sigra,Hatari,Semi Final,2019,221.0,13,3,Tel Aviv ,Cyprus,San Marino,Belarus,Belgium,Slovenia,Serbia,Estonia,Greece,Czech Republic,Australia
Ireland,22,Sarah McTernan,Semi Final,2019,16.0,2,18,Tel Aviv ,Croatia,Armenia,Denmark,Malta,Azerbaijan,North Macedonia,Norway,Netherlands,Switzerland,Sweden
Latvia,That Night,Carousel,Semi Final,2019,50.0,5,15,Tel Aviv ,Austria,Armenia,Russia,Malta,North Macedonia,Lithuania,Denmark,Netherlands,Azerbaijan,Sweden
Lithuania,Run with the Lions,Jurij Veklenko,Semi Final,2019,93.0,12,11,Tel Aviv ,Norway,North Macedonia,Malta,Russia,Switzerland,Austria,Latvia,Azerbaijan,Sweden,Netherlands
Malta,Chameleon,Michela,Semi Final,2019,157.0,11,8,Tel Aviv ,Romania,North Macedonia,Lithuania,Norway,Moldova,Armenia,Azerbaijan,Russia,Sweden,Netherlands
Moldova,Stay,Anna Odobescu,Semi Final,2019,85.0,3,12,Tel Aviv ,Denmark,Albania,Norway,Armenia,Ireland,Azerbaijan,Malta,Russia,North Macedonia,Romania
Montenegro,Heaven,D mol,Semi Final,2019,46.0,2,16,Tel Aviv ,Slovenia,Georgia,Czech Republic,Iceland,Australia,Hungary,Serbia,Cyprus,San Marino,Greece
Netherlands,Arcade,Duncan Laurence,Semi Final,2019,280.0,16,1,Tel Aviv ,Azerbaijan,Armenia,Denmark,North Macedonia,Croatia,Moldova,Russia,Switzerland,Malta,Sweden
North Macedonia,Proud,Tamara Todevska,Semi Final,2019,239.0,17,2,Tel Aviv ,Romania,Armenia,Latvia,Sweden,Switzerland,Netherlands,Malta,Azerbaijan,Russia,Albania
Norway,Spirit in the Sky,KEiiNO,Semi Final,2019,210.0,15,7,Tel Aviv ,Latvia,Moldova,Russia,Malta,Denmark,Azerbaijan,North Macedonia,Switzerland,Netherlands,Sweden
Poland,Pali się,Tulia,Semi Final,2019,120.0,4,11,Tel Aviv ,Finland,Portugal,Belgium,Cyprus,Iceland,Hungary,Czech Republic,Slovenia,Serbia,Australia
Portugal,Telemóveis,Conan Osíris,Semi Final,2019,51.0,15,15,Tel Aviv ,Cyprus,Australia,Poland,Serbia,Estonia,Belarus,Hungary,Slovenia,Belgium,Czech Republic
Romania,On a Sunday,Ester Peony,Semi Final,2019,71.0,6,13,Tel Aviv ,Austria,Albania,Switzerland,Sweden,Malta,Russia,Azerbaijan,Netherlands,North Macedonia,Moldova
Russia,Scream,Sergey Lazarev,Semi Final,2019,217.0,13,6,Tel Aviv ,Netherlands,Switzerland,Denmark,Azerbaijan,Moldova,Armenia,Albania,Malta,North Macedonia,Romania
San Marino,Say Na Na Na,Serhat,Semi Final,2019,150.0,17,8,Tel Aviv ,Belarus,Belgium,Czech Republic,Slovenia,Serbia,Australia,Iceland,Cyprus,Montenegro,Greece
Serbia,Kruna,Nevena Božović,Semi Final,2019,156.0,9,7,Tel Aviv ,Estonia,Greece,Poland,Belarus,Australia,Hungary,Slovenia,Cyprus,Czech Republic,Montenegro
Slovenia,Sebi,Zala Kralj & Gašper Šantl,Semi Final,2019,167.0,5,6,Tel Aviv ,Estonia,Hungary,Poland,Iceland,Serbia,Belgium,Cyprus,Belarus,Greece,Czech Republic
Sweden,Too Late for Love,John Lundvik,Semi Final,2019,238.0,8,3,Tel Aviv ,Azerbaijan,Denmark,Lithuania,Malta,Norway,Moldova,Russia,Austria,Netherlands,Switzerland
Switzerland,She Got Me,Luca Hänni,Semi Final,2019,232.0,4,4,Tel Aviv ,Russia,Denmark,Lithuania,Malta,Moldova,Norway,Latvia,North Macedonia,Sweden,Netherlands
Albania,Karma,Anxhela Peristeri,Semi Final,2021,112.0,11,10,Rotterdam ,Portugal,Bulgaria,Moldova,Iceland,Serbia,Finland,Austria,San Marino,Greece,Switzerland
Australia,Technicolour,Montaigne,Semi Final,2021,28.0,5,14,Rotterdam ,Norway,Lithuania,Ireland,Ukraine,Azerbaijan,Sweden,Russia,Israel,Cyprus,Malta
Austria,Amen,Vincent Bueno,Semi Final,2021,66.0,5,12,Rotterdam ,San Marino,Moldova,Albania,Denmark,Finland,Serbia,Portugal,Bulgaria,Iceland,Switzerland
Azerbaijan,Mata Hari,Efendi,Semi Final,2021,138.0,14,8,Rotterdam ,Israel,Belgium,Ireland,Slovenia,Croatia,Sweden,Romania,Ukraine,Malta,Russia
Belgium,The Wrong Place,Hooverphonic,Semi Final,2021,117.0,11,9,Rotterdam ,Croatia,Lithuania,Ireland,Israel,Romania,Sweden,Norway,Malta,Ukraine,Russia
Bulgaria,Growing Up Is Getting Old,Victoria,Semi Final,2021,250.0,13,3,Rotterdam ,Georgia,San Marino,Poland,Albania,Czech Republic,Austria,Estonia,Portugal,Greece,Moldova
Croatia,Tick-Tock,Albina,Semi Final,2021,110.0,10,11,Rotterdam ,Sweden,Australia,Romania,Belgium,Ukraine,Lithuania,Israel,Russia,Cyprus,Malta
Cyprus,El Diablo,Elena Tsagrinou,Semi Final,2021,170.0,8,6,Rotterdam ,Israel,Ireland,Lithuania,Belgium,Croatia,Slovenia,Sweden,Russia,Romania,Malta
Czech Republic,Omaga,Benny Cristo,Semi Final,2021,23.0,3,15,Rotterdam ,Albania,San Marino,Denmark,Serbia,Greece,Finland,Bulgaria,Switzerland,Iceland,Portugal
Denmark,Øve os på hinanden,Fyr og Flamme,Semi Final,2021,89.0,17,11,Rotterdam ,Poland,Greece,Austria,Portugal,San Marino,Bulgaria,Finland,Iceland,Albania,Switzerland
Estonia,The Lucky One,Uku Suviste,Semi Final,2021,58.0,2,13,Rotterdam ,San Marino,Albania,Greece,Austria,Serbia,Portugal,Finland,Iceland,Bulgaria,Switzerland
Finland,Dark Side,Blind Channel,Semi Final,2021,234.0,14,5,Rotterdam ,Denmark,San Marino,Serbia,Albania,Austria,Greece,Portugal,Iceland,Switzerland,Bulgaria
Georgia,You,Tornike Kipiani,Semi Final,2021,16.0,10,16,Rotterdam ,San Marino,Serbia,Estonia,Finland,Austria,Czech Republic,Iceland,Bulgaria,Portugal,Switzerland
Greece,Last Dance,Stefania,Semi Final,2021,184.0,4,6,Rotterdam ,Estonia,Poland,Serbia,Czech Republic,Portugal,Albania,Iceland,Bulgaria,San Marino,Moldova
Iceland,10 Years,Daði & Gagnamagnið,Semi Final,2021,288.0,8,2,Rotterdam ,Denmark,Serbia,San Marino,Austria,Albania,Finland,Greece,Portugal,Bulgaria,Switzerland
Ireland,Maps,Lesley Roy,Semi Final,2021,20.0,7,16,Rotterdam ,Sweden,North Macedonia,Norway,Cyprus,Lithuania,Ukraine,Azerbaijan,Russia,Croatia,Malta
Israel,Set Me Free,Eden Alene,Semi Final,2021,192.0,12,5,Rotterdam ,Croatia,Norway,Slovenia,Ukraine,Sweden,Russia,Belgium,Malta,Cyprus,Lithuania
Latvia,The Moon Is Rising,Samanta Tīna,Semi Final,2021,14.0,15,17,Rotterdam ,Austria,San Marino,Estonia,Moldova,Albania,Bulgaria,Finland,Portugal,Switzerland,Iceland
Lithuania,Discoteque,The Roop,Semi Final,2021,203.0,1,4,Rotterdam ,Croatia,Norway,Sweden,Cyprus,Romania,Malta,Israel,Australia,Belgium,Ukraine
Malta,Je Me Casse,Destiny,Semi Final,2021,325.0,16,1,Rotterdam ,Russia,Ireland,Croatia,Lithuania,Slovenia,Azerbaijan,Ukraine,Cyprus,Sweden,Romania
Moldova,Sugar,Natalia Gordienko,Semi Final,2021,179.0,7,7,Rotterdam ,Czech Republic,Portugal,Estonia,Latvia,Albania,Iceland,Switzerland,Greece,San Marino,Bulgaria
North Macedonia,Here I Stand,Vasil,Semi Final,2021,23.0,6,15,Rotterdam ,Sweden,Norway,Slovenia,Cyprus,Ukraine,Azerbaijan,Russia,Croatia,Malta,Israel
Norway,Fallen Angel,TIX,Semi Final,2021,115.0,9,10,Rotterdam ,Ireland,Romania,Russia,Slovenia,Cyprus,Azerbaijan,Ukraine,Israel,Sweden,Malta
Poland,The Ride,Rafał,Semi Final,2021,35.0,6,14,Rotterdam ,Portugal,Finland,Iceland,Estonia,Bulgaria,Albania,Moldova,Switzerland,San Marino,Greece
Portugal,Love Is On My Side,The Black Mamba,Semi Final,2021,239.0,12,4,Rotterdam ,Estonia,Austria,Greece,Serbia,Czech Republic,Finland,Switzerland,Albania,Iceland,Bulgaria
Romania,Amnesia,Roxen,Semi Final,2021,85.0,13,12,Rotterdam ,Croatia,Australia,Cyprus,Sweden,Russia,North Macedonia,Slovenia,Lithuania,Ukraine,Malta
Russia,Russian Woman,Manizha,Semi Final,2021,225.0,3,3,Rotterdam ,Australia,Lithuania,Croatia,Azerbaijan,Ukraine,Belgium,Sweden,Cyprus,Israel,Malta
San Marino,Adrenalina,Senhit feat. Flo Rida,Semi Final,2021,118.0,1,9,Rotterdam ,Iceland,Portugal,Finland,Serbia,Bulgaria,Switzerland,Albania,Moldova,Greece,Poland
Serbia,Loco Loco,Hurricane,Semi Final,2021,124.0,9,8,Rotterdam ,Estonia,San Marino,Austria,Moldova,Switzerland,Finland,Portugal,Greece,Bulgaria,Iceland
Slovenia,Amen,Ana Soklič,Semi Final,2021,44.0,2,13,Rotterdam ,Ukraine,Israel,Norway,North Macedonia,Belgium,Malta,Croatia,Azerbaijan,Russia,Cyprus
Sweden,Voices,Tusse,Semi Final,2021,142.0,4,7,Rotterdam ,Ireland,Belgium,Azerbaijan,Cyprus,Ukraine,Russia,Lithuania,Norway,Israel,Malta
Switzerland,Tout l'univers,Gjon's Tears,Semi Final,2021,291.0,16,1,Rotterdam ,Greece,San Marino,Estonia,Serbia,Albania,Finland,Austria,Iceland,Portugal,Bulgaria
Ukraine,Shum,Go_A,Semi Final,2021,267.0,15,2,Rotterdam ,Lithuania,Cyprus,Sweden,Slovenia,Malta,Israel,Romania,Croatia,Belgium,Australia
