R/O,Place,Language,Songwriter(s),Number of Languages,Number of Songwriter(s),Year,English
11.0,15.0,"Dutch, English",Mary Boduin,2,1,1975,1
15.0,7.0,English,Kim KuusiHannu KarlssonArthur Ridgway Spencer,1,3,1975,1
3.0,4.0,French,Pierre DelanoëJeff Barnel,1,2,1975,0
4.0,17.0,"German, English",Rainer PietschMichael Holm,2,2,1975,1
2.0,9.0,English,Jimmy SwarbriggTommy Swarbrigg,1,2,1975,1
12.0,11.0,Hebrew,Shlomo ArtziEhud Manor,1,2,1975,0
19.0,3.0,Italian,Shel ShapiroAndrea Lo Vecchio,1,2,1975,0
5.0,5.0,French,Bill MartinPhil CoulterPierre Cour,1,3,1975,0
10.0,12.0,English,Sammy GaleaMary Iris Mifsud,1,2,1975,1
14.0,13.0,French,André PoppBoris Bergman,1,2,1975,0
1.0,1.0,English,Dick BakkerWill LuikingaEddy Ouwens,1,3,1975,1
6.0,18.0,English,Svein Hundnes,1,1,1975,1
16.0,16.0,Portuguese,José Luis Tinoco,1,1,1975,0
17.0,10.0,Spanish,Juan Carlos Calderón,1,1,1975,0
18.0,8.0,English,Lars Berghagen,1,1,1975,1
7.0,6.0,German,Simone Drexel,1,1,1975,0
13.0,19.0,Turkish,Kemal EbcioğluHikmet Münir Ebcioğlu,1,2,1975,0
9.0,2.0,English,Paul Curtis,1,1,1975,1
8.0,13.0,Slovene,Tadej HrušovarDušan Velkaverh,1,2,1975,0
14.0,5.0,English,Gerhard Heinz,1,1,1976,1
6.0,8.0,French,Pierre RapsatEric Van Hulse,1,2,1976,0
11.0,11.0,English,Matti SiitonenVexi SalmiPertti Reponen,1,3,1976,1
17.0,2.0,French,Tony RalloJean-Paul Cara,1,2,1976,0
3.0,15.0,German,Ralph SiegelKurt Hertha,1,2,1976,0
10.0,13.0,Greek,Mariza KochMichael Fotiades,1,2,1976,0
7.0,10.0,English,Brendan Graham,1,1,1976,1
4.0,6.0,Hebrew,Matti CaspiEhud Manor,1,2,1976,0
13.0,7.0,"English, Italian",Detto MarianoAlbano CarrisiRomina Power,2,3,1976,1
5.0,14.0,French,Jack WhiteVline BuggyFred Jay,1,3,1976,0
16.0,3.0,French,Georges CostaAndré BarsGilbert Sinoué,1,3,1976,0
8.0,9.0,English,Hans van Hemert,1,1,1976,1
9.0,18.0,English,Frode ThingnæsPhilip Kruse,1,2,1976,1
15.0,12.0,Portuguese,José NizaManuel Alegre,1,2,1976,0
12.0,16.0,Spanish,Braulio García Bautista,1,1,1976,0
2.0,4.0,English,Peter Reber,1,1,1976,1
1.0,1.0,English,Tony HillerLee SheridenMartin Lee,1,3,1976,1
18.0,17.0,Serbo-Croatian,Slobodan VujovićSlobodan Đurasović,1,2,1976,0
4.0,17.0,German[c],Georg HerrnstadtWilli ResetaritsHerbert Zöchling-TampierLukas Resetarits,1,4,1977,0
17.0,7.0,English,Luc Smets,1,1,1977,1
16.0,10.0,Finnish,Aarno RaninenMonica Aspelund,1,2,1977,0
18.0,1.0,French,Jean-Paul CaraJoe Garcy,1,2,1977,0
6.0,8.0,English,Sylvester LevayMichael Kunze,1,2,1977,1
10.0,5.0,Greek,Giorgos HatzinasiosSevy Tiliakou,1,2,1977,0
1.0,3.0,English,Jimmy SwarbriggTommy Swarbrigg,1,2,1977,1
11.0,11.0,Hebrew,Eldad ShremEdna Peleg,1,2,1977,0
15.0,13.0,Italian,Salvatore FabrizioLuigi Albertelli,1,2,1977,0
7.0,16.0,French,Guy BéartPierre Cour,1,2,1977,0
2.0,4.0,French,Paul de SennevilleOlivier ToussaintJean Albertini,1,3,1977,0
3.0,12.0,Dutch,Frank AffolterWim Hogenkamp,1,2,1977,0
5.0,14.0,Norwegian,Svein StrugstadDag Nordtømme,1,2,1977,0
8.0,14.0,Portuguese,Fernando TordoJosé Carlos Ary dos Santos,1,2,1977,0
14.0,9.0,Spanish,Fernando Arbex,1,1,1977,0
13.0,18.0,Swedish,Claes BureSven-Olof Bagge,1,2,1977,0
12.0,6.0,German,Peter Reber,1,1,1977,0
9.0,2.0,English,Lynsey de PaulMike Moran,1,2,1977,1
19.0,15.0,German[c],Gerhard MarkelWalter MarkelNorbert Niedermayer,1,3,1978,0
10.0,2.0,French,Jean Vallée,1,1,1978,0
16.0,16.0,Danish,Michael TrempenauAndy KulmbakChristian HavePeter Nielsen,1,4,1978,0
4.0,18.0,Finnish,Reijo KarvonenSeija Simola,1,2,1978,0
6.0,3.0,French,Gérard SternDidier Barbelivien,1,2,1978,0
13.0,6.0,German,Jean FrankfurterJohn Möring,1,2,1978,0
15.0,8.0,Greek,Sakis TsilikisYiannis Xanthoulis,1,2,1978,0
1.0,5.0,English,Colm C. T. Wilkinson,1,1,1978,1
18.0,1.0,Hebrew,Nurit HirshEhud Manor,1,2,1978,0
3.0,12.0,Italian,Dario FarinaMauro LusiniSergio Bardotti,1,3,1978,0
17.0,7.0,French,Rolf SojaFrank DostalPeter Zentner,1,3,1978,0
14.0,4.0,French,Paul de SennevilleOlivier ToussaintDidier BarbelivienJean Albertini,1,4,1978,0
11.0,13.0,Dutch,Eddy OuwensToon GispenDick Kooiman,1,3,1978,0
2.0,20.0,Norwegian,Kai Eide,1,1,1978,0
5.0,17.0,Portuguese,Vítor MamedeCarlos Quintas,1,2,1978,0
7.0,9.0,Spanish[b],Ramón ArcusaManuel de la Calva (Dúo Dinámico),1,2,1978,0
20.0,14.0,Swedish,Peter Himmelstrand,1,1,1978,0
9.0,9.0,French,Alain MorisodPierre Alain,1,2,1978,0
12.0,18.0,Turkish,Dağhan BaydurOnno TunçHulki Aktunç,1,3,1978,0
8.0,11.0,English,Stephanie De SykesStuart Slater,1,2,1978,1
18.0,18.0,German,Peter WolfAndré Heller,1,2,1979,0
12.0,18.0,Dutch,Charles DumolinGuy Beyers,1,2,1979,0
3.0,6.0,Danish,Tommy SeebachKeld Heick,1,2,1979,0
5.0,14.0,Finnish,Matti SiitonenVexi Salmi,1,2,1979,0
11.0,3.0,French,Hubert GiraudEddy Marnay,1,2,1979,0
9.0,4.0,German,Ralph SiegelBernd Meinunger,1,2,1979,0
7.0,8.0,Greek,Doros GeorgiadesSotia Tsotou,1,2,1979,0
4.0,5.0,English,Cathal Dunne,1,1,1979,1
10.0,1.0,Hebrew,Kobi OshratShimrit Orr,1,2,1979,0
2.0,15.0,Italian,Carlo MarralePiero CassanoAntonella RuggieroGiancarlo GolziSalvatore Stellita,1,5,1979,0
13.0,13.0,French,Jean Renard,1,1,1979,0
6.0,16.0,French,Paul de SennevilleJean BaudlotDidier BarbelivienJean Albertini,1,4,1979,0
14.0,12.0,Dutch,Rob BollandFerdi BollandGerard Cox,1,3,1979,0
16.0,11.0,Norwegian,Anita SkorganPhilip Kruse,1,2,1979,0
1.0,9.0,Portuguese,Carlos Nóbrega e Sousa,1,1,1979,0
19.0,2.0,Spanish,Fernando Moreno,1,1,1979,0
15.0,17.0,Swedish,Ted GärdestadKenneth Gärdestad,1,2,1979,0
8.0,10.0,German,Peter Reber,1,1,1979,0
17.0,7.0,English,Peter Morris,1,1,1979,1
1.0,8.0,German,Klaus-Peter Sattler,1,1,1980,0
19.0,17.0,French,Michel MoersDan LacksmanMarc Moulin,1,3,1980,0
7.0,14.0,Danish,Bjarne Gren JensenFlemming Jørgensen,1,2,1980,0
10.0,19.0,Finnish,Aarno RaninenVexi Salmi,1,2,1980,0
16.0,11.0,French,Sylvano SantorioRichard de BordeauxRichard Joffo,1,3,1980,0
12.0,2.0,German,Ralph SiegelBernd Meinunger,1,2,1980,0
3.0,13.0,Greek,Jick NacassianRony Sofou,1,2,1980,0
17.0,1.0,English,Shay Healy,1,1,1980,1
6.0,6.0,Italian,Alan Sorrenti,1,1,1980,0
4.0,9.0,French,Ralph SiegelBernd MeinungerPierre DelanoëJean-Paul Cara,1,4,1980,0
5.0,18.0,Arabic,Abdel Ati AmennaMalou Rouanne,1,2,1980,0
15.0,5.0,Dutch,Frans SmitSjoukje SmitRobert VerweyAlex Alberts,1,4,1980,0
11.0,16.0,Norwegian[n],Sverre KjelsbergRagnar Olsen,1,2,1980,0
14.0,7.0,Portuguese[b][c][f][d],José Cid,1,1,1980,0
18.0,12.0,Spanish,José Antonio Martín,1,1,1980,0
8.0,10.0,Swedish,Tomas Ledin,1,1,1980,0
9.0,4.0,French,Peter ReberVéronique Müller,1,2,1980,0
2.0,15.0,Turkish,Attila ÖzdemiroğluŞanar Yurdatapan,1,2,1980,0
13.0,3.0,English,Stephanie De SykesStuart Slater,1,2,1980,1
1.0,17.0,German,Werner Böhmler,1,1,1981,0
16.0,13.0,Dutch,Kick DandyGiuseppe MarchesePenny Els,1,3,1981,0
18.0,6.0,Greek,Doros GeorgiadesStavros Sideras,1,2,1981,0
6.0,11.0,Danish,Tommy SeebachKeld Heick,1,2,1981,0
8.0,16.0,Finnish,Jim PembrokeOlli Ojala,1,2,1981,0
9.0,3.0,French,Jean-Paul CaraJoe Gracy,1,2,1981,0
3.0,2.0,German,Ralph SiegelBernd Meinunger,1,2,1981,0
17.0,8.0,Greek,Giorgos NiachrosYiannis Dimitras,1,2,1981,0
12.0,5.0,English,Jim KellyJoe Burkett,1,2,1981,1
5.0,7.0,Hebrew,Shuki LevyShlomit AharonYuval Dor,1,3,1981,0
4.0,11.0,French,Sophie MakhnoJean-Claude VilleminoJean-Claude Petit,1,3,1981,0
11.0,9.0,Dutch,Cees de WitBart van der Laar,1,2,1981,0
13.0,20.0,Norwegian,Finn Kalvik,1,1,1981,0
15.0,18.0,Portuguese,Carlos Paião,1,1,1981,0
10.0,14.0,Spanish,Amado Jaén,1,1,1981,0
20.0,10.0,Swedish,Björn SkifsBengt Palmers,1,2,1981,0
19.0,4.0,Italian,Peter ReberNella Martinetti,1,2,1981,0
2.0,18.0,Turkish,Ali Kocatepe,1,1,1981,0
14.0,1.0,English,John DanterAndy Hill,1,2,1981,1
7.0,15.0,Serbo-Croatian,Ranko Boban,1,1,1981,0
10.0,9.0,German,Michael ScheicklRudolf Leve,1,2,1982,0
11.0,4.0,French,Fred BekkyRony BrackBobottJo May,1,4,1982,0
8.0,5.0,Greek,Anna Vissi,1,1,1982,0
13.0,17.0,Danish,Jens Brixtofte,1,1,1982,0
6.0,18.0,Finnish,Juice LeskinenJim Pembroke,1,2,1982,0
18.0,1.0,German,Ralph SiegelBernd Meinunger,1,2,1982,0
17.0,11.0,English,Sally Keating,1,1,1982,1
15.0,2.0,Hebrew,Avi ToledanoYoram Taharlev,1,2,1982,0
2.0,6.0,French,Cyril AssousMichel Jouveaux,1,2,1982,0
16.0,16.0,Dutch,Dick BakkerLiselore Gerritsen,1,2,1982,0
3.0,12.0,Norwegian,Jahn TeigenHerodes Falsk,1,2,1982,0
1.0,13.0,Portuguese,António PinhoTozé BritoPedro Brito,1,3,1982,0
12.0,10.0,Spanish,Francisco CeperoIgnacio Román,1,2,1982,0
9.0,8.0,Swedish,Lasse HolmMonica Forsberg,1,2,1982,0
7.0,3.0,French,Alain MorisodPierre Alain,1,2,1982,0
5.0,15.0,Turkish,Olcayto Ahmet TuğsuzFaik Tuğsuz,1,2,1982,0
4.0,7.0,English,Simon Jefferis,1,1,1982,1
14.0,14.0,Serbo-Croatian,Aleksandar IlićMiro Zec,1,2,1982,0
18.0,9.0,German,Peter ViewegerHeli DeinboekHeinz Nessizius,1,3,1983,0
19.0,18.0,Dutch,Walter VerdinPaul Peyskens,1,2,1983,0
13.0,16.0,Greek,Stavros Sideras,1,1,1983,0
15.0,17.0,Danish,Flemming GernyxChristian JacobsenLars Christensen,1,3,1983,0
9.0,11.0,Finnish,Kari KuusamoKaisu Liuhala,1,2,1983,0
1.0,8.0,French,Guy BonnetFulbert Cant,1,2,1983,0
14.0,5.0,German,Michael ReineckeVolker Lechtenbrink,1,2,1983,0
10.0,14.0,Greek,Antonis PlessasMimis PlessasSophia Fildissi,1,3,1983,0
16.0,2.0,Hebrew,Avi ToledanoEhud Manor,1,2,1983,0
5.0,11.0,Italian,Maurizio FabrizioRiccardo FogliVincenzo Spampinato,1,3,1983,0
20.0,1.0,French,Jean-Pierre MillersAlain Garcia,1,2,1983,0
11.0,7.0,Dutch[c],Piet SouerMartin Duiser,1,2,1983,0
2.0,9.0,Norwegian,Anita SkorganJahn TeigenHerodes Falsk,1,3,1983,0
17.0,13.0,Portuguese,Armando Gama,1,1,1983,0
7.0,19.0,Spanish,José Miguel ÉvorasIsidro Muñoz,1,2,1983,0
4.0,3.0,Swedish,Lasse HolmMonica Forsberg,1,2,1983,0
8.0,15.0,Italian,Thomas GonzenbachRemo KesslerNella Martinetti,1,3,1983,0
6.0,19.0,Turkish,Buğra UğurAysel Gürel,1,2,1983,0
3.0,6.0,English,Ron RokerJan PulsfordPhil Wigger,1,3,1983,1
12.0,4.0,Serbo-Croatian,Danijel PopovićMario Mihaljević,1,2,1983,0
13.0,19.0,German,Brigitte SeuberthWalter Müller,1,2,1984,0
8.0,5.0,French[f],Henri SerokaJacques Zegers,1,2,1984,0
7.0,15.0,Greek,Andy Paul,1,1,1984,0
10.0,4.0,Danish,Søren BundgaardKeld Heick,1,2,1984,0
16.0,9.0,Finnish,Jukka SiikavireJussi Tuominen,1,2,1984,0
3.0,8.0,French,Vladimir CosmaCharles Level,1,2,1984,0
14.0,13.0,German,Michael ReineckeMichael Kunze,1,2,1984,0
9.0,2.0,English,Seán Sherrard,1,1,1984,1
18.0,5.0,Italian[d],Franco BattiatoGiusto PioRosario Consentino,1,3,1984,0
2.0,10.0,French,Jean-Pierre GoussaudJean-Michel BériatPatrick Jaymes,1,3,1984,0
11.0,13.0,Dutch,Peter van AstenRichard de Bois,1,2,1984,0
5.0,17.0,Norwegian,Ingrid BjørnovBenedicte Adrian,1,2,1984,0
19.0,11.0,Portuguese,Maria Guinot,1,1,1984,0
4.0,3.0,Spanish[c],Miguel BlascoAmaya Saizar,1,2,1984,0
1.0,1.0,Swedish,Torgny SöderbergBritt Lindeborg,1,2,1984,0
17.0,16.0,German,Günter Loose,1,1,1984,0
15.0,12.0,Turkish,Selçuk BaşarÜlkü Aker,1,2,1984,0
6.0,7.0,English,Paul CurtisGraham Sacher,1,2,1984,1
12.0,18.0,Serbo-Croatian,Slobodan BučevacMilan Perić,1,2,1984,0
17.0,8.0,German,Mick JacksonGeoff BastowMichael Kunze,1,3,1985,0
8.0,19.0,Dutch,Pieter VerlindenBert Vivier,1,2,1985,0
3.0,16.0,Greek,Lia Vissi,1,1,1985,0
4.0,11.0,Danish,Søren BundgaardKeld Heick,1,2,1985,0
2.0,9.0,Finnish,Petri LaaksonenVeli-Pekka Lehto,1,2,1985,0
6.0,10.0,French,Didier Pascalis,1,1,1985,0
10.0,2.0,German,Hanne Haller,1,1,1985,0
19.0,16.0,Greek,Takis BiniarisMaro Bizani,1,2,1985,0
1.0,6.0,English,Brendan Graham,1,1,1985,1
11.0,5.0,Hebrew,Kobi OshratHamutal Ben-Ze'ev,1,2,1985,0
12.0,7.0,Italian,Dario FarinaMichael HoffmannChristiano Minellono,1,3,1985,0
18.0,13.0,French,Ralph SiegelBernd MeinungerJean-Michel Bériat,1,3,1985,0
13.0,1.0,Norwegian,Rolf Løvland,1,1,1985,0
9.0,18.0,Portuguese,Tozé BritoAdelaide FerreiraLuís Fernando,1,3,1985,0
5.0,14.0,Spanish,Juan Carlos Calderón,1,1,1985,0
16.0,3.0,Swedish,"Lasse HolmIngela ""Pling"" Forsman",1,2,1985,0
15.0,12.0,German,Anita KerrTrudi Müller-Bosshard,1,2,1985,0
7.0,14.0,Turkish,Mazhar AlansonFuat GünerÖzkan Uğur,1,3,1985,0
14.0,4.0,English,Vikki WatsonJames Kaleth,1,2,1985,1
16.0,18.0,German,Peter JandaPeter Cornelius,1,2,1986,0
13.0,1.0,French,Jean-Pierre FurnémontAngelo CrisciRosario Marino Atria,1,3,1986,0
15.0,20.0,Greek,Peter YiannakisPhivos Gavris,1,2,1986,0
18.0,6.0,Danish,John Hatting,1,1,1986,0
19.0,15.0,Finnish,Kari Kuivalainen,1,1,1986,0
3.0,17.0,French,Georges CostaMichel CostaDaniel Costa,1,3,1986,0
14.0,8.0,German,Hans Blum,1,1,1986,0
6.0,16.0,Icelandic,Magnús Eiríksson,1,1,1986,0
12.0,4.0,English,Kevin Sheerin,1,1,1986,1
11.0,19.0,Hebrew,Yoram ZadokMoti Giladi,1,2,1986,0
1.0,3.0,French,Rolf SojaAlain GarciaFrank Dostal,1,3,1986,0
7.0,13.0,Dutch,Peter SchönRob ten Bokum,1,2,1986,0
4.0,12.0,Norwegian,Ketil Stokkan,1,1,1986,0
20.0,14.0,Portuguese,Guilherme InêsZé da PonteLuís Oliveira,1,3,1986,0
9.0,10.0,Spanish,José María Guzmán,1,1,1986,0
17.0,5.0,Swedish,Lasse Holm,1,1,1986,0
10.0,2.0,French,Atilla ŞereftuğNella Martinetti,1,2,1986,0
8.0,9.0,Turkish[b][c][f],Melih Kibarİlhan İrem,1,2,1986,0
5.0,7.0,English,Brian WadeMaureen Darbyshire,1,2,1986,1
2.0,11.0,Serbo-Croatian,Zrinko Tutić,1,1,1986,0
3.0,20.0,German,Kenneth WestmoreStefanie Werger,1,2,1987,0
5.0,11.0,Dutch[c],Liliane KeuninckxGyuri SpiesMarc de Coen,1,3,1987,0
17.0,7.0,Greek,Andros PapapavlouMaria Papapavlou,1,2,1987,0
19.0,5.0,Danish,Helge EngelbrechtJacob Jonia,1,2,1987,0
18.0,15.0,Finnish,Petri LaaksonenVeli-Pekka Lehto,1,2,1987,0
15.0,14.0,French,Marc MinierGérard Curci,1,2,1987,0
16.0,2.0,German,Ralph SiegelBernd Meinunger,1,2,1987,0
11.0,10.0,Greek,Thanos KallirisVassilis Dertilis,1,2,1987,0
4.0,16.0,Icelandic,Valgeir Guðjónsson,1,1,1987,0
20.0,1.0,English,Seán Sherrard,1,1,1987,1
2.0,8.0,Hebrew,Zohar Laskov,1,1,1987,0
7.0,3.0,Italian,Umberto TozziRaf RiefoliGiancarlo Bigazzi,1,3,1987,0
13.0,21.0,French,Roger JouretAlec Mansion,1,2,1987,0
12.0,5.0,Dutch,Peter Koelewijn,1,1,1987,0
1.0,9.0,Norwegian,Rolf LøvlandHanne Krogh,1,2,1987,0
8.0,18.0,Portuguese,Alfredo AzinheiraJorge Mendes,1,2,1987,0
9.0,19.0,Spanish,Rafael MartínezRafael TrabucchelliPatricia Kraus,1,3,1987,0
6.0,12.0,Swedish,Mikael WendtChrister Lundh,1,2,1987,0
22.0,17.0,French,Jean-Jacques Egli,1,1,1987,0
10.0,22.0,Turkish,Olcayto Ahmet Tuğsuz,1,1,1987,0
14.0,13.0,English,Richard Peebles,1,1,1987,1
21.0,4.0,Serbo-Croatian[c],Rajko DujmićStevo Cvikić,1,2,1987,0
12.0,21.0,German,Wilfried ScheutzKlaus KoflerRonnie Herbholzheimer,1,3,1988,0
16.0,18.0,French,Joseph ReynaertsDany WillemPhilippe Anciaux,1,3,1988,0
13.0,3.0,Danish,Søren BundgaardKeld Heick,1,2,1988,0
3.0,20.0,Finnish,Pepe WillbergKirsti Willberg,1,2,1988,0
19.0,10.0,French,Gérard LenormanClaude Lemesle,1,2,1988,0
11.0,14.0,German,Ralph SiegelBernd Meinunger,1,2,1988,0
14.0,17.0,Greek,Dimitris Sakislis,1,1,1988,0
1.0,16.0,Icelandic,Sverrir Stormsker,1,1,1988,0
10.0,8.0,English,Peter Eades,1,1,1988,1
8.0,7.0,Hebrew,Boris DimitshteinEhud Manor,1,2,1988,0
18.0,12.0,Italian,Luca Barbarossa,1,1,1988,0
17.0,4.0,French,Jacques CardonaAlain Garcia,1,2,1988,0
7.0,9.0,Dutch,Peter de Wijn,1,1,1988,0
15.0,5.0,Norwegian,Anita SkorganErik Hillestad,1,2,1988,0
20.0,18.0,Portuguese,José CalvárioJosé Niza,1,2,1988,0
6.0,11.0,Spanish,Enrique PeiróFrancisco Dondiego,1,2,1988,0
2.0,12.0,Swedish,Py Bäckman,1,1,1988,0
9.0,1.0,French,Atilla ŞereftuğNella Martinetti,1,2,1988,0
5.0,15.0,Turkish,Mazhar AlansonFuat GünerÖzkan Uğur,1,3,1988,0
4.0,2.0,English,Julie Forsyth,1,1,1988,1
21.0,6.0,Serbo-Croatian,Rajko DujmićStevo Cvikić,1,2,1988,0
13.0,5.0,German,Dieter BohlenJoachim Horn-Bernges,1,2,1989,0
6.0,19.0,Dutch,Stef Bos,1,1,1989,0
17.0,11.0,Greek,Marios MeletiouEfi Meletiou,1,2,1989,0
12.0,3.0,Danish,Søren BundgaardKeld Heick,1,2,1989,0
14.0,7.0,Finnish,Matti PuurtinenTurkka Mali,1,2,1989,0
15.0,8.0,French,Guy MattéoniG.G. CandySylvain Lebel,1,3,1989,0
21.0,14.0,German,Dieter BohlenJoachim Horn-Bernges,1,2,1989,0
19.0,9.0,Greek,Yiannis KyrisMarianna EfstratiouVilly Sanianou,1,3,1989,0
20.0,22.0,Icelandic,Valgeir Guðjónsson,1,1,1989,0
3.0,18.0,English,Kiev Connolly,1,1,1989,1
2.0,12.0,Hebrew,Shaike Paikov,1,1,1989,0
1.0,9.0,Italian,Franco FasanoFranco CianiFranco Berlincioni,1,3,1989,0
11.0,20.0,French,Maggie ParkeGast WaltzingBernard LonchevalYves Lacomblez,1,4,1989,0
4.0,15.0,Dutch,Jan KisjesCees BergmanGeertjan HessingAart MolErwin van PrehmElmer Veerhoff,1,6,1989,0
8.0,17.0,Norwegian,Inge EnoksenLeiv Grøtte,1,2,1989,0
9.0,16.0,Portuguese,Ricardo LandumPedro Luís Neves,1,2,1989,0
16.0,6.0,Spanish,Juan Carlos Calderón,1,1,1989,0
10.0,4.0,Swedish,Tim NorellOla HåkanssonAlexander Bard,1,3,1989,0
18.0,13.0,Romansh,Marie Louise Werth,1,1,1989,0
5.0,21.0,Turkish,Timur Selçuk,1,1,1989,0
7.0,2.0,English,John BeebyBrian Hodgson,1,2,1989,1
22.0,1.0,Serbo-Croatian[c],Rajko DujmićStevo Cvikić,1,2,1989,0
20.0,10.0,German[b][c][j],Marc BerryNanna BerryMario Botazzi,1,3,1990,0
3.0,12.0,French,Philippe Lafontaine,1,1,1990,0
21.0,14.0,Greek,John VickersHaris Anastasiou,1,2,1990,0
11.0,8.0,Danish,John HattingTorben LendagerKeld Heick,1,3,1990,0
22.0,21.0,Swedish,Kim EngblomJanne EngblomTina KrauseStina Engblom,1,4,1990,0
14.0,2.0,French,Georges Augier de MoussacSerge Gainsbourg,1,2,1990,0
13.0,9.0,German,Ralph SiegelMichael Kunze,1,2,1990,0
2.0,19.0,Greek,Giorgos PalaiokastririsGiorgos Papagiannakis,1,2,1990,0
8.0,4.0,Icelandic,Hörður G. ÓlafssonAðalsteinn Ásberg Sigurðsson,1,2,1990,0
17.0,2.0,English,Liam Reilly,1,1,1990,1
10.0,18.0,Hebrew,Rami KleinsteinTzruya Lahav,1,2,1990,0
19.0,1.0,Italian,Toto Cutugno,1,1,1990,0
6.0,13.0,French,Jean-Charles FranceThierry Delianis,1,2,1990,0
5.0,15.0,Dutch,Alice May,1,1,1990,0
9.0,21.0,Norwegian,Ketil Stokkan,1,1,1990,0
16.0,20.0,Portuguese,Jan van DijckLuís FilipeFrancisco Teotónio PereiraFrederico Teotónio Pereira,1,4,1990,0
1.0,5.0,Spanish,Raúl OrellanaJaime StinusJosé Luis Abel,1,3,1990,0
18.0,16.0,Swedish,Mikael Wendt,1,1,1990,0
12.0,11.0,German,Cornelia Lackner,1,1,1990,0
4.0,17.0,Turkish,Kayahan Açar,1,1,1990,0
7.0,6.0,English,Paul Curtis,1,1,1990,1
15.0,7.0,Serbo-Croatian,Zrinko TutićAlka Vuica,1,2,1990,0
6.0,22.0,German,Robby MusenbichlerHubert MoserWolfgang Eltner,1,3,1991,0
18.0,16.0,Dutch,Kris WautersKoen WautersJan LeyersBob Savenberg,1,4,1991,0
21.0,9.0,Greek,Kypros CharalambousAndreas Christou,1,2,1991,0
13.0,19.0,Danish,Michael Elo,1,1,1991,0
16.0,20.0,Finnish,Ile KallioJukka Välimaa,1,2,1991,0
9.0,2.0,French,Wasis DiopAmina Annabi,1,2,1991,0
17.0,18.0,German,Alfons WeindorfHelmut Frey,1,2,1991,0
4.0,13.0,Greek,Andreas Mikroutsikos,1,1,1991,0
2.0,15.0,Icelandic,Eyjólfur Kristjánsson,1,1,1991,0
11.0,10.0,English,Liam Reilly,1,1,1991,1
15.0,3.0,Hebrew,Uzi Hitman,1,1,1991,0
22.0,7.0,Neapolitan,Marcello MarocchiGiampiero Artegiani,1,2,1991,0
7.0,14.0,French,Patrick HippertLinda LecomteMick Wersant,1,3,1991,0
3.0,6.0,English,Paul AbelaRaymond Mahoney,1,2,1991,1
14.0,17.0,Norwegian,P.G. RonessKaare SkevikDag Kolsrud,1,3,1991,0
12.0,8.0,Portuguese,Jorge QuintelaFred MicaeloZé da Ponte,1,3,1991,0
19.0,4.0,Spanish,Julio SeijasLuis Gómez Escolar,1,2,1991,0
8.0,1.0,Swedish,Stephan Berg,1,1,1991,0
5.0,5.0,Italian,Renato Mascetti,1,1,1991,0
10.0,12.0,Turkish,Şevket UğurluerAysel Gürel,1,2,1991,0
20.0,10.0,English,Paul Curtis,1,1,1991,1
1.0,21.0,Serbo-Croatian,Zoran VračevićDragana Šarić,1,2,1991,0
15.0,10.0,German,Dieter BohlenJoachim Horn-Bernges,1,2,1992,0
2.0,20.0,French,Claude BarzottiAnne-Marie Gaspard,1,2,1992,0
9.0,11.0,Greek,George Theofanous,1,1,1992,0
18.0,12.0,Danish,Carsten Warming,1,1,1992,0
12.0,23.0,Finnish,Pave MaijanenHeikki Harma,1,2,1992,0
6.0,8.0,"French, Antillean Creole",Jean-Marc MonnervilleRémy Bellenchombre,2,2,1992,0
22.0,16.0,German,Ralph SiegelBernd Meinunger,1,2,1992,0
5.0,5.0,Greek,Christos Lagos,1,1,1992,0
11.0,7.0,Icelandic,Friðrik KarlssonGrétar ÖrvarssonStefán Hilmarsson,1,3,1992,0
17.0,1.0,English,Seán Sherrard,1,1,1992,1
3.0,6.0,Hebrew,Kobi OshratEhud Manor,1,2,1992,0
19.0,4.0,Italian,Giuseppe DatiGiancarlo Bigazzi,1,2,1992,0
14.0,21.0,Luxembourgish,Jang LinsterAb van Goor,1,2,1992,0
10.0,3.0,English,Georgina AbelaRaymond Mahoney,1,2,1992,1
23.0,9.0,Dutch,Edwin Schimscheimer,1,1,1992,0
21.0,18.0,Norwegian,Robert MorleyEva Jansen,1,2,1992,0
8.0,17.0,Portuguese,Ondina VelosoRosa Lobato de Faria,1,2,1992,0
1.0,14.0,Spanish,Luis MiguélezAlfredo Valbuena,1,2,1992,0
7.0,22.0,Swedish,Niklas Strömstedt,1,1,1992,0
13.0,15.0,French,Gordon Dent,1,1,1992,0
4.0,19.0,Turkish,Aldoğan ŞimşekyayAylin Uçanlar,1,2,1992,0
16.0,2.0,English,Tony RyanPaul DaviesVictor Stratton,1,3,1992,1
20.0,13.0,Serbian,Radivoje RadivojevićGale Janković,1,2,1992,0
10.0,14.0,German,Christian KolonovitsJohann BertlThomas Spitzer,1,3,1993,0
7.0,25.0,Dutch,Marc VliegenMarc Dex,1,2,1993,0
18.0,16.0,Bosnian,Dino DervišhalidovićFahrudin Pecikoza,1,2,1993,0
21.0,15.0,"Croatian, English",Andrej BašaĐorđe Novković,2,2,1993,1
23.0,19.0,Greek,Aristos MoschovakisRodoula Papalambrianou,1,2,1993,0
5.0,22.0,Danish,Tommy SeebachKeld Heick,1,2,1993,0
17.0,17.0,Finnish,Matti PuurtinenJukka Saarinen,1,2,1993,0
12.0,4.0,"French, Corsican",François Valéry,2,1,1993,0
3.0,18.0,German,Stefan Zauner,1,1,1993,0
6.0,9.0,Greek,Dimosthenis Stringlis,1,1,1993,0
9.0,13.0,Icelandic,Jon Kjell SeljesethFriðrik Sturluson,1,2,1993,0
14.0,1.0,English,Jimmy Walsh,1,1,1993,1
24.0,24.0,"Hebrew, English",Shaike PaikovYoram TaharlevDavid Chris,2,3,1993,1
1.0,12.0,Italian,Enrico Ruggeri,1,1,1993,0
15.0,20.0,"French, Luxembourgish",Patrick HippertJimmy Martin,2,2,1993,0
8.0,8.0,English,William Mangion,1,1,1993,1
20.0,6.0,Dutch,Eric van TijnJochem FluitsmaHenk Westbroek,1,3,1993,0
25.0,5.0,Norwegian,Bjørn Erik Vige,1,1,1993,0
11.0,10.0,Portuguese,Pedro AbrantesMarco QuelhasPaulo de Carvalho,1,3,1993,0
16.0,22.0,Slovene,Cole MorettiTomaž Kosec,1,2,1993,0
22.0,11.0,Spanish,Carlos Toro,1,1,1993,0
13.0,7.0,Swedish,Lasse HolmGert Lengstrand,1,2,1993,0
4.0,3.0,French,Christophe DucJean-Jacques Egli,1,2,1993,0
2.0,21.0,Turkish,Burak Aydos,1,1,1993,0
19.0,2.0,English,Dean CollinsonBrian Teasdale,1,2,1993,1
20.0,17.0,German,Alfons WeindorfKarl BrunnerJohann Brunner,1,3,1994,0
18.0,15.0,Bosnian,Adi MulahalilovićEdo Mulahalilović,1,2,1994,0
7.0,16.0,Croatian,Željen KlašterkaŽeljko Krznarić,1,2,1994,0
4.0,11.0,Greek,George Theofanous,1,1,1994,0
10.0,24.0,Estonian,Ivar MustLeelo Tungal,1,2,1994,0
2.0,22.0,Finnish,Kari SalliMarkku Lentonen,1,2,1994,0
25.0,7.0,French,Bruno MamanNina Morato,1,2,1994,0
14.0,3.0,German[c],Ralph SiegelBernd Meinunger,1,2,1994,0
19.0,14.0,Greek,Kostas Bigalis,1,1,1994,0
22.0,4.0,Hungarian,Szilveszter Jenei,1,1,1994,0
5.0,12.0,Icelandic,Friðrik KarlssonStefán Hilmarsson,1,2,1994,0
3.0,1.0,English,Brendan Graham,1,1,1994,1
16.0,25.0,Lithuanian,Ovidijus VyšniauskasGintaras Zdebskis,1,2,1994,0
12.0,5.0,English,Christopher SciclunaMoira Stafrace,1,2,1994,1
13.0,23.0,Dutch,Edwin SchimscheimerCooth van Doesburgh,1,2,1994,0
17.0,6.0,Norwegian,Rolf LøvlandHans Olav Mørk,1,2,1994,0
24.0,2.0,Polish,Stanisław SyrewiczJacek Cygan,1,2,1994,0
8.0,8.0,Portuguese,João Carlos Mota OliveiraRosa Lobato de Faria,1,2,1994,0
11.0,21.0,Romanian,Antonio FurtunaDan Bittman,1,2,1994,0
23.0,9.0,Russian,Lev ZemlinskiPilgrim,1,2,1994,0
15.0,19.0,Slovak,Martin ĎurindaMartin Sarvaš,1,2,1994,0
21.0,18.0,Spanish,Alejandro Abad,1,1,1994,0
1.0,13.0,Swedish,Peter BertilssonMikael Littwold,1,2,1994,0
9.0,19.0,Italian,Giuseppe Scaramella,1,1,1994,0
6.0,10.0,English,George De AngelisMark Dean,1,2,1994,1
8.0,13.0,German,Mischa Krausz,1,1,1995,0
14.0,20.0,French,Pierre Theunis,1,1,1995,0
4.0,19.0,Bosnian,Zlatan FazlićSinan Alimanović,1,2,1995,0
11.0,6.0,Croatian,Tonči HuljićVjekoslava Huljić,1,2,1995,0
17.0,9.0,Greek,Alexandros Panayi,1,1,1995,0
19.0,5.0,Danish,Mette MathiesenLise Cabble,1,2,1995,0
12.0,4.0,French,François BernheimDidier Barbelivien,1,2,1995,0
3.0,23.0,German,Cheyenne Stone,1,1,1995,0
23.0,12.0,Greek[o],Nikos TerzisAntonis Pappas,1,2,1995,0
13.0,22.0,Hungarian,Ferenc BalázsAttila Horváth,1,2,1995,0
7.0,15.0,Icelandic,Björgvin HalldórssonEd WelchJón Örn Marinósson,1,3,1995,0
2.0,14.0,English,Richard AbbottBarry Woods,1,2,1995,1
21.0,8.0,Hebrew,Moshe DatzHamutal Ben-Ze'ev,1,2,1995,0
22.0,10.0,English,Ray AgiusAlfred C. Sant,1,2,1995,1
5.0,1.0,Norwegian,Rolf LøvlandPetter Skavlan,1,2,1995,0
1.0,18.0,Polish,Mateusz PospieszalskiWojciech Waglewski,1,2,1995,0
16.0,21.0,Portuguese,António Victorino de AlmeidaRosa Lobato de Faria,1,2,1995,0
6.0,17.0,Russian,Ilya ReznykIlya Bershadsky,1,2,1995,0
20.0,7.0,Slovene,Sašo FajonPrimož Peterca,1,2,1995,0
9.0,2.0,Spanish,José María Purón,1,1,1995,0
18.0,3.0,Swedish,"Håkan AlmqvistBobby LjunggrenIngela ""Pling"" Forsman",1,3,1995,0
10.0,16.0,Turkish,Melih KibarZeynep Talu,1,2,1995,0
15.0,10.0,English,Paul HardySteven RuddenTatsiana MaisJay Williams,1,4,1995,1
8.0,10.0,Vorarlbergish,Mischa KrauszGeorge Nussbaumer,1,2,1996,0
16.0,16.0,Dutch,John TerraSiirak BrogdenDaniël Ditmar,1,3,1996,0
21.0,22.0,Bosnian,Sinan AlimanovićAdnan BajramovićAida Frljak,1,3,1996,0
7.0,4.0,Croatian,Zrinko Tutić,1,1,1996,0
5.0,9.0,Greek,Andreas GiorgallisRodoula Papalambrianou,1,2,1996,0
11.0,5.0,Estonian,Priit PajusaarKaari Sillamaa,1,2,1996,0
18.0,23.0,Finnish,Timo Niemi,1,1,1996,0
13.0,19.0,Breton,Dan Ar Braz,1,1,1996,0
10.0,14.0,Greek,Kostas BigalisIro Trigoni,1,2,1996,0
19.0,13.0,Icelandic,Anna Mjöll ÓlafsdóttirÓlafur Gaukur Þórhallsson,1,2,1996,0
17.0,1.0,English,Brendan Graham,1,1,1996,1
6.0,10.0,English,Paul AbelaAlfred C. Sant,1,2,1996,1
15.0,7.0,Dutch,Peter van AstenPiet Souer,1,2,1996,0
12.0,2.0,Norwegian,Torhild Nigar,1,1,1996,0
20.0,15.0,Polish,Robert AmirianKasia Kowalska,1,2,1996,0
4.0,6.0,Portuguese,Pedro Vaz OsórioJosé Fanha,1,2,1996,0
22.0,18.0,Slovak,Juraj BurianJozef Urban,1,2,1996,0
14.0,21.0,Slovene,Aleksander Kogoj,1,1,1996,0
3.0,20.0,Spanish,Antonio CarmonaJosé Miguel CarmonaJuan Carmona,1,3,1996,0
23.0,3.0,Swedish,Peter GrönvallNanne Grönvall,1,2,1996,0
9.0,16.0,French,Soren Mounir,1,1,1996,0
1.0,12.0,Turkish,Levent ÇokerSelma Çuhacı,1,2,1996,0
2.0,8.0,English,Steve RodwaySimon Tauber,1,2,1996,1
4.0,21.0,German[c],Marc BerryIna Siber,1,2,1997,0
14.0,18.0,Bosnian,Sinan AlimanovićMilić Vukašinović,1,2,1997,0
23.0,17.0,Croatian,Davor ToljaAlida Šarar,1,2,1997,0
1.0,5.0,Greek,Constantina Konstantinou,1,1,1997,0
21.0,16.0,Danish,Lars PedersenThomas Lægaard,1,2,1997,0
13.0,8.0,Estonian,Harmo KallasteKaari Sillamaa,1,2,1997,0
22.0,7.0,French,Jean-Paul Dréau,1,1,1997,0
11.0,18.0,German,Ralph SiegelBernd Meinunger,1,2,1997,0
17.0,12.0,Greek,Manolis Manouselis,1,1,1997,0
19.0,12.0,Hungarian,Viktor RakonczaiSándor JózsaKrisztina Bokor FeketeAttila Kornyei,1,4,1997,0
25.0,20.0,Icelandic,Trausti HaraldssonPáll Óskar Hjálmtýsson,1,2,1997,0
5.0,2.0,English,John Farry,1,1,1997,1
9.0,4.0,Italian,Fabio RicciCarmen di DomenicoAlessandra Drusian,1,3,1997,0
18.0,9.0,English,Ray Agius,1,1,1997,1
8.0,22.0,Dutch,Ed Hooijmans,1,1,1997,0
3.0,24.0,Norwegian[c],Tor EndresenArne Myksvoll,1,2,1997,0
12.0,11.0,Polish,Tomasz LewandowskiMagda Czapińska,1,2,1997,0
15.0,24.0,Portuguese,Thilo KrasmannRosa Lobato de Faria,1,2,1997,0
20.0,15.0,Russian,Alla Pugacheva,1,1,1997,0
6.0,10.0,Slovene,Saša LošićZoran Predin,1,2,1997,0
10.0,6.0,Spanish,Marcos Llunas,1,1,1997,0
16.0,14.0,Swedish,Stephan Berg,1,1,1997,0
7.0,22.0,Italian,Barbara Berta,1,1,1997,0
2.0,3.0,Turkish,Levent ÇokerMehtap Alnıtemiz,1,2,1997,0
24.0,1.0,English,Kimberley Rew,1,1,1997,1
20.0,6.0,French,Philippe Swan,1,1,1998,0
1.0,5.0,Croatian,Petar GrašoStipica KalogjeraRemi Kazinoti,1,3,1998,0
17.0,11.0,Greek,Michael HajiyanniZenon Zindilis,1,2,1998,0
23.0,12.0,Estonian,Maria RahulaTomi RahulaPeeter Pruuli,1,3,1998,0
21.0,15.0,Finnish,Alexi AhoniemiTommy Mansikka-Aho,1,2,1998,0
3.0,24.0,French,Marie-Line MarolanyJean-Philippe DaryMicaël SeneMoïse Crespy,1,4,1998,0
9.0,7.0,German,Stefan Raab,1,1,1998,0
2.0,20.0,Greek,Yiannis ValvisYiannis Malachias,1,2,1998,0
11.0,23.0,Hungarian,István LerchAttila Horváth,1,2,1998,0
13.0,9.0,English,Gerry Morgan,1,1,1998,1
8.0,1.0,Hebrew,Svika PickYoav Ginai,1,2,1998,0
25.0,19.0,Macedonian,Grigor KoprovVlado Janevski,1,2,1998,0
10.0,3.0,English,Jason CassarSunny Aquilina,1,2,1998,1
18.0,4.0,Dutch,Eric van TijnJochem Fluitsma,1,2,1998,0
22.0,8.0,Norwegian,David EriksenPer Kristian OttestadLinda Andernach Johannesen,1,3,1998,0
7.0,17.0,Polish,Jarosław PruszkowskiOlga Pruszkowska,1,2,1998,0
14.0,12.0,Portuguese,José Cid,1,1,1998,0
15.0,22.0,Romanian,Adrian RomcescuLiliana Ștefan,1,2,1998,0
6.0,21.0,Slovak,Gabriel DušíkAnna Wepperyová,1,2,1998,0
12.0,18.0,Slovene,Matjaž VlašičUrša Vlašič,1,2,1998,0
4.0,16.0,Spanish,Alberto EstébanezMikel Herzog,1,2,1998,0
19.0,10.0,Swedish,"Håkan AlmqvistBobby LjunggrenIngela ""Pling"" Forsman",1,3,1998,0
5.0,25.0,German,Gunvor GuggisbergEgon Egemann,1,2,1998,0
24.0,14.0,Turkish,Erdinç TunçCanan Tunç,1,2,1998,0
16.0,2.0,English,Scott EnglishPhil ManikizaSimon Stirling,1,3,1998,1
18.0,10.0,English,Dave Moskin,1,1,1999,1
2.0,12.0,English,Emma PhilippaWim ClaesIlia BeyersJohn Terra,1,4,1999,1
22.0,7.0,"Bosnian, French",Dino Dervišhalidović,2,1,1999,0
4.0,4.0,Croatian,Tonči HuljićVjekoslava Huljić,1,2,1999,0
14.0,22.0,Greek,George KallisAndreas Karanicolas,1,2,1999,0
9.0,8.0,English,Ebbe Ravn,1,1,1999,1
23.0,6.0,English,Priit PajusaarGlen PilvreMaian KärmasKaari Sillamaa,1,4,1999,1
10.0,19.0,French,Pascal GraczykRené ColombiesGilles ArcensLuigi Rutigliano,1,4,1999,0
21.0,3.0,"German, Turkish, English[i]",Ralph SiegelBernd Meinunger,3,2,1999,1
13.0,2.0,English,Selma BjörnsdóttirÞorvaldur Bjarni ÞorvaldssonSveinbjörn I. Baldvinsson,1,3,1999,1
17.0,17.0,English,Bronagh Mullan,1,1,1999,1
19.0,5.0,"Hebrew, English",Moshe DatzGabriel ButlerYa'akov LamaiJacky Oved,2,4,1999,1
1.0,20.0,Samogitian,Linas RimšaSigitas Geda,1,2,1999,0
20.0,15.0,English,Christopher SciclunaMoira Stafrace,1,2,1999,1
11.0,8.0,English,Tjeerd van ZanenAlan Michael,1,2,1999,1
8.0,14.0,English,Stig Van EijkMikkel S. Eriksen,1,2,1999,1
12.0,18.0,Polish,Seweryn KrajewskiWojciech Ziembicki,1,2,1999,0
16.0,21.0,Portuguese,Jorge do CarmoTó Andrade,1,2,1999,0
6.0,11.0,English,Sašo FajonPrimož Peterca,1,2,1999,1
3.0,23.0,Spanish,Fernando Rodríguez FernándezAlejandro Piqueras RamírezAdolfo Carmona ZamarrenoCarlos López González,1,4,1999,0
15.0,1.0,English,Lars DiedricsonGert LengstrandMarcos Ubeda,1,3,1999,1
7.0,16.0,Turkish,Erdinç TunçCanan Tunç,1,2,1999,0
5.0,12.0,English,Paul Varney,1,1,1999,1
24.0,14.0,English,Dave Moskin,1,1,2000,1
10.0,24.0,French,Silvio Pezzuto,1,1,2000,0
17.0,9.0,Croatian,Zdenko RunjićNeno NinčevićNikša Bratoš,1,3,2000,0
11.0,21.0,"Greek, Italian",Alexandros PanayiSilvia M. Klemm,2,2,2000,0
14.0,1.0,English,Jørgen Olsen,1,1,2000,1
4.0,4.0,English,Pearu PaulusIlmar LaisaarAlar KotkasJana Hallas,1,4,2000,1
20.0,18.0,English,Luca GentaGerrit aan 't Goor,1,2,2000,1
5.0,23.0,French,Pierre LegayBenoît Heinrich,1,2,2000,0
15.0,5.0,"German, English",Stefan Raab,2,1,2000,1
12.0,12.0,English,Örlygur SmáriSigurður Örn Jónsson,1,2,2000,1
23.0,6.0,English,Gerry SimpsonRaymond J. Smyth,1,2,2000,1
1.0,22.0,Hebrew[c],Roy AradGuy AsifRonen Ben Tal,1,3,2000,0
21.0,3.0,English,Renārs Kaupers,1,1,2000,1
19.0,15.0,"Macedonian, English",Dragan KaranfilovskiOrče ZafirovskiVlado Janevski,2,3,2000,1
7.0,8.0,English[p],Philip VellaGerard James Borg,1,2,2000,1
2.0,13.0,English,John O'HareEllert Driessen,1,2,2000,1
8.0,11.0,English,Morten HenriksenTore Madsen,1,2,2000,1
6.0,17.0,English,Dan Teodorescu,1,1,2000,1
9.0,2.0,English,Andrew LaneBrandon Barnes,1,2,2000,1
13.0,18.0,Spanish,José María Purón,1,1,2000,0
18.0,7.0,English,Peter DahlLinda JanssonThomas Holmstrand,1,3,2000,1
16.0,20.0,Italian,Bernie StaubThomas Marin,1,2,2000,0
22.0,10.0,"Turkish, English",Sühan AyhanPınar AyhanOrkun Yazgan,2,3,2000,1
3.0,16.0,English,John SpringateGerry Shephard,1,2,2000,1
3.0,14.0,"Bosnian, English",Nino Pršeš,2,1,2001,1
10.0,10.0,English,Tonči HuljićVjekoslava Huljić,1,2,2001,1
23.0,2.0,English,Søren PoppeStefan NielsenThomas Brekling,1,3,2001,1
20.0,1.0,English,Ivar MustMaian Kärmas,1,2,2001,1
14.0,4.0,"French, English",J. Kapler,2,1,2001,1
19.0,8.0,"German, English",Gino TrovatelloMatthias StinglEva Richter,2,3,2001,1
22.0,3.0,"Greek, English",Nikos TerzisAntonis Pappas,2,2,2001,1
2.0,22.0,English,Einar BárðarsonMagnús Þór Sigmundsson,1,2,2001,1
12.0,21.0,English,Pat Sheridan,1,1,2001,1
5.0,16.0,Hebrew,Yair KlingerShimrit Orr,1,2,2001,0
9.0,18.0,English,Arnis MednisGustavs Terzens,1,2,2001,1
8.0,13.0,"English, Lithuanian",Viktoras DiawaraErica Quinn JenningsVilius Alesius,2,3,2001,1
21.0,9.0,English,Paul AbelaGeorgina Abela,1,2,2001,1
1.0,18.0,English,André RemkesDirk Jan Vermeij,1,2,2001,1
4.0,22.0,English,Ole Henrik AntonsenTom-Steinar HanssenOle Jørgen Olsen,1,3,2001,1
18.0,20.0,English,Robert ChojnackiAndrzej Piaseczny,1,2,2001,1
11.0,17.0,Portuguese,Marco Quelhas,1,1,2001,0
6.0,12.0,English,Ilya Lagutenko,1,1,2001,1
17.0,7.0,English,Matjaž VlašičLucienne Lončina,1,2,2001,1
13.0,6.0,Spanish,Alejandro Abad,1,1,2001,0
7.0,5.0,English,Thomas G:sonHenrik Sethsson,1,2,2001,1
15.0,11.0,"Turkish, English",Semih GüneriNurdan GüneriFigen Çakmak,2,3,2001,1
16.0,15.0,English,Russ BallardChris Winter,1,2,2001,1
3.0,18.0,English,Alexander KahrRobert Pflugler,1,2,2002,1
16.0,13.0,English,Marc PaelinckDirk Paelinck,1,2,2002,1
15.0,13.0,"Serbian, English",Dragan MijatovićRužica ČavićStevo Cvikić,2,3,2002,1
6.0,11.0,English,Milana Vlaović,1,1,2002,1
1.0,6.0,English,George Theofanous,1,1,2002,1
14.0,24.0,English,Michael Ronson,1,1,2002,1
8.0,3.0,English,Pearu PaulusIlmar LaisaarAlar KotkasJana Hallas,1,4,2002,1
13.0,20.0,English,Maki KolehmainenJanina FrostellTracy Lipp,1,3,2002,1
17.0,5.0,French,Rick AllisonPatrick BruelMarie-Florence Gros,1,3,2002,0
18.0,21.0,English,Ralph SiegelBernd Meinunger,1,2,2002,1
4.0,17.0,English[q],Michalis Rakintzis,1,1,2002,1
10.0,12.0,"Hebrew, English",Svika PickYoav Ginai,2,2,2002,1
23.0,1.0,English,Marija NaumovaMarats Samauskis,1,2,2002,1
24.0,23.0,English,Aivaras Stepukonis,1,1,2002,1
9.0,19.0,Macedonian,Nikola PerevskiVladimir Krstevski,1,2,2002,0
20.0,2.0,English,Philip VellaGerard James Borg,1,2,2002,1
21.0,9.0,English,Ionel TudorMirela Fugaru,1,2,2002,1
7.0,10.0,English,Kim BreitburgKaren KavaleryanYevgeny FridlyandIrina Antonyan,1,4,2002,1
22.0,13.0,Slovene,Robert PešutBarbara Pešut,1,2,2002,0
5.0,7.0,Spanish,Toni TenXasqui Ten,1,2,2002,0
12.0,8.0,English,Marcos Ubeda,1,1,2002,1
11.0,22.0,French,Francine Lehmann,1,1,2002,0
19.0,16.0,"Turkish, English",Fani HodaraSami HodaraFigen Çakmak,2,3,2002,1
2.0,3.0,English,Martyn Baylay,1,1,2002,1
2.0,6.0,Styrian,Alf Poier,1,1,2003,0
22.0,2.0,Imaginary,Yves Barbieux,1,1,2003,0
6.0,16.0,"Croatian, English",Ines PrajoArjana Kunštek,2,2,2003,1
8.0,15.0,"Croatian, English",Andrej Babić,2,1,2003,1
9.0,20.0,English,Stelios Constantas,1,1,2003,1
23.0,21.0,English,Vaiko Eplik,1,1,2003,1
19.0,18.0,French,Hocine Hallaf,1,1,2003,0
10.0,11.0,English,Ralph SiegelBernd Meinunger,1,2,2003,1
17.0,17.0,English,MandoTeri Siganos,1,2,2003,1
1.0,8.0,English,Hallgrímur ÓskarssonSveinbjörn I. BaldvinssonBirgitta Haukdal,1,3,2003,1
3.0,11.0,English,Keith MolloyMartin Brannigan,1,2,2003,1
13.0,19.0,Hebrew[b][c][e][q],Yoni Ro'ehYossi Gispan,1,2,2003,0
21.0,24.0,English,Mārtiņš FreimanisLauris Reiniks,1,2,2003,1
5.0,25.0,English,Alfred ZammitCynthia Sammut,1,2,2003,1
14.0,13.0,English,Tjeerd van ZanenAlan Michael,1,2,2003,1
18.0,4.0,English,Arve FursetVJ Strøm,1,2,2003,1
20.0,7.0,"German, Polish, Russian",André FrankeJoachim Horn-BerngesMichał WiśniewskiJacek Łągwa,3,4,2003,0
7.0,22.0,"Portuguese, English",Paulo Martins,2,1,2003,1
24.0,10.0,English,Mihai AlexandruNicoleta Alexandru,1,2,2003,1
11.0,3.0,Russian,Mars LasarValery Polienko,1,2,2003,0
26.0,23.0,English,Martin ŠtibernikKarmen Stavec,1,2,2003,1
12.0,8.0,Spanish,Jesús María PérezAmaya Martínez,1,2,2003,0
25.0,5.0,English,Calle KindbomCarl Lösnitz,1,2,2003,1
4.0,1.0,English,Sertab ErenerDemir Demirkan,1,2,2003,1
16.0,14.0,English,Svika PickMirit Shem Or,1,2,2003,1
15.0,26.0,English,Martin Isherwood,1,1,2003,1
9.0,7.0,English,Edmond ZhulaliAgim Doçi,1,2,2004,1
2.0,21.0,German,Peter Zimmermann,1,1,2004,0
13.0,22.0,English,Marc PaelinckDirk Paelinck,1,2,2004,1
12.0,9.0,English,Vesna Pisarović,1,1,2004,1
11.0,12.0,English,Ivan MikulićVedran OstojićDuško Gruborović,1,3,2004,1
21.0,5.0,English,Mike Connaris,1,1,2004,1
4.0,15.0,"French, Spanish","Ben ""Jammin"" RobbinsSteve BalsamoJonatan Cerrada",2,3,2004,0
8.0,8.0,"English, Turkish",Stefan Raab,2,1,2004,1
16.0,3.0,English,Nikos TerzisNektarios Tyrakis,1,2,2004,1
17.0,19.0,English,Sveinn Rúnar SigurðssonMagnús Þór Sigmundsson,1,2,2004,1
18.0,22.0,English,Brian McFaddenJonathan Shorten,1,3,2004,1
15.0,14.0,English,Jovan JovanovIlija Nikolovski,1,2,2004,1
6.0,12.0,English,Philip VellaGerard James Borg,1,2,2004,1
7.0,20.0,English,Ed van OtterdijkAngeline van Otterdijk,1,2,2004,1
3.0,24.0,English,Thomas ThörnholmLars AnderssonDan Attlerud,1,3,2004,1
19.0,17.0,"English, Spanish",Paweł Rurak-SokalTatiana Okupnik,2,2,2004,1
23.0,18.0,English,George PopaIrina Gligor,1,2,2004,1
14.0,11.0,English,Maxim FadeevBrenda Loring,1,2,2004,1
5.0,2.0,Serbian,Željko JoksimovićLeontina Vukomanović,1,2,2004,0
1.0,10.0,Spanish,Kike Santander,1,1,2004,0
24.0,5.0,English,"Thomas ""Orup"" Eriksson",1,1,2004,1
22.0,4.0,English,Gökhan ÖzoğuzHakan Özoğuz,1,2,2004,1
10.0,1.0,"English, Ukrainian",Ruslana LyzchickoOleksandr Ksenofontov,2,2,2004,1
20.0,16.0,English,Gary MillerTim Woodcock,1,2,2004,1
8.0,16.0,English,Adrian HilaPandi Laço,1,2,2005,1
21.0,14.0,English,Andrej Babić,1,1,2005,1
18.0,11.0,Croatian,Boris NovkovićFranjo Valentić,1,2,2005,0
9.0,18.0,English,Constantinos Christoforou,1,1,2005,1
13.0,9.0,English,Jacob LaunbjergAndreas Mørck,1,2,2005,1
24.0,23.0,French,Saad TabainetOrtal,1,2,2005,0
17.0,24.0,English,David BrandesJane TempestJohn O'Flynn,1,3,2005,1
19.0,1.0,English,Manos PsaltakisChristos DantisNatalia Germanou,1,3,2005,1
1.0,12.0,Hungarian,Szabolcs HarmathAttila Valla,1,2,2005,0
11.0,4.0,"Hebrew, English",Pini AharonbayevEyal ShaharBen Green,2,3,2005,1
23.0,5.0,English,Mārtiņš Freimanis,1,1,2005,1
15.0,17.0,English,Dragan VučićBranka Kostić,1,2,2005,1
3.0,2.0,English,Chiara Siracusa,1,1,2005,1
7.0,6.0,"English, Romanian",Mihai GîncuRoman Iagupov,2,2,2005,1
5.0,9.0,English,"Trond ""Teeny"" Holter",1,1,2005,1
4.0,3.0,English,Cristian Faur,1,1,2005,1
20.0,15.0,English,Viktor DrobyshMary Susan ApplegateJussi-Pekka Järvinen,1,3,2005,1
12.0,7.0,Montenegrin,Slaven KnezovićMilan Perić,1,2,2005,0
10.0,21.0,Spanish,Alfredo Panebianco,1,1,2005,0
14.0,19.0,English,Niklas EdbergerJohan FranssonTim LarssonTobias Lundgren,1,4,2005,1
22.0,8.0,English,David BrandesJane TempestJohn O'Flynn,1,3,2005,1
6.0,13.0,Turkish,Erdinç TunçGöksan Arman,1,2,2005,0
16.0,19.0,"Ukrainian, English[a][b][c][d][e][f]",Roman KalynRoman KostyukMikola Kulinich,2,3,2005,1
2.0,22.0,English,Javine HyltonJohn Themis,1,2,2005,1
24.0,8.0,English,Armen MartirosyanCatherine Bekian,1,2,2006,1
13.0,3.0,Bosnian,Željko JoksimovićFahrudin PecikozaDejan Ivanović,1,3,2006,0
20.0,12.0,Croatian,Boris NovkovićFranjo ValentićSeverina Vučković,1,3,2006,0
9.0,18.0,English,Niels Drevsholt,1,1,2006,1
17.0,1.0,English,Mr Lordi,1,1,2006,1
19.0,22.0,French,Cornelius Nyungura,1,1,2006,0
8.0,14.0,English,Jane Comerford,1,1,2006,1
16.0,9.0,English,Nikos KarvelasAnna Vissi,1,2,2006,1
21.0,10.0,English,Brian Kennedy,1,1,2006,1
3.0,23.0,"Hebrew, English",Eddie ButlerOsnat TzavagOrly Burg,2,3,2006,1
4.0,16.0,English,Reinis SējānsAndris SējānsMolly-Ann LeikinGuntars Račs,1,4,2006,1
14.0,6.0,English[a],Andrius MamontovasSaulius UrbonavičiusViktoras Diawara,1,3,2006,1
11.0,12.0,"English, Macedonian",Darko DimitrovRade Vrčakovski,2,2,2006,1
7.0,24.0,English,Aldo SpiteriFabrizio Faniello,1,2,2006,1
2.0,20.0,English[b],Arsenie Todiraș,1,1,2006,1
5.0,14.0,Norwegian,Kjetil FlugeAtle HalstensenChristine Guldbrandsen,1,3,2006,0
12.0,4.0,"English, Italian",Eduard CîrcotãCristian HriscuMihaela Deac,2,3,2006,1
10.0,2.0,English,Alexandr LunyovKaren KavaleryanIrina Antonyan,1,3,2006,1
6.0,21.0,Spanish,Manuel Ruiz Gómez,1,1,2006,0
22.0,5.0,English,Thomas G:sonBobby LjunggrenHenrik WikströmCarola Häggkvist,1,4,2006,1
1.0,16.0,English,Ralph SiegelBernd Meinunger,1,2,2006,1
23.0,11.0,Turkish[g],Sibel Tüzün,1,1,2006,0
18.0,7.0,English,Mikhail NekrasovTina KarolPavlo Shylko,1,3,2006,1
15.0,19.0,English,Daz SampsonJohn Matthews,1,2,2006,1
23.0,8.0,"English, Armenian",Hayk HakobyanKaren Kavaleryan,2,2,2007,1
3.0,6.0,English,Philipp KirkorovKaren Kavaleryan,1,2,2007,1
1.0,11.0,Serbian,Aleksandra MilutinovićGoran Kovačić,1,2,2007,0
21.0,5.0,Bulgarian,Elitsa TodorovaStoyan Yankoulov,1,2,2007,0
5.0,17.0,English,Martti VuorinenMiikka Huttunen,1,2,2007,1
13.0,22.0,"French, English (""Franglais"")",Ivan CallotLaurent HonelPaul LégerYves GiraudJean-Marc Sauvagnargues,2,5,2007,1
11.0,12.0,English,Beka JaparidzeBibi Kvachadze,1,2,2007,1
16.0,19.0,"German, English",Frank RamondMatthias Hass,2,2,2007,1
10.0,7.0,English[i],Alex PapaconstantinouMarcus EnglöfMack,1,3,2007,1
8.0,9.0,English,Magdolna RúzsaImre Mózsik,1,2,2007,1
4.0,24.0,English,John WatersTommy Moran,1,2,2007,1
14.0,16.0,Italian,Kjell JennstigTorbjörn WasseniusFrancesca Russo,1,3,2007,0
9.0,21.0,English,Julija Ritčik,1,1,2007,1
6.0,14.0,"Macedonian, English",Grigor KoprovOgnen Nedelkovski,2,2,2007,1
24.0,10.0,English,Alexandru BrașoveanuElena Buga,1,2,2007,1
20.0,13.0,"English, Italian, Spanish,Russian, French, Romanian",Bogdan TașcăuKamara GhediVlad Crețu,6,3,2007,1
15.0,3.0,English,Maxim FadeevDaniil Babichev,1,2,2007,1
17.0,1.0,Serbian,Vladimir GraićSaša Milošević Mare,1,2,2007,0
7.0,15.0,Slovene,Andrej Babić,1,1,2007,0
2.0,20.0,Spanish[h],Thomas G:sonAndreas RickstrandTony Sánchez-OhlssonRebeca Pous del Toro,1,4,2007,0
12.0,18.0,English,Ola Salo,1,1,2007,1
22.0,4.0,English,Kenan Doğulu,1,1,2007,1
18.0,2.0,"German, English, Ukrainian, Russian",Andriy Danylko,4,1,2007,1
19.0,22.0,English,Andrew HillMorten SchjolinRuss SpencerPaul Tarry,1,4,2007,1
3.0,17.0,Albanian,Adrian HilaPandi Laço,1,2,2008,0
5.0,4.0,"English, Armenian",H.A. Der-HovagimianSirusho,2,2,2008,1
20.0,8.0,English,Govhar HasanzadehZahra Badalbeyli,1,2,2008,1
6.0,10.0,Bosnian,Elvir Laković Laka,1,1,2008,0
9.0,21.0,Croatian,"Miran ""Hadži"" Veljković",1,1,2008,0
16.0,15.0,English,Jacob LaunbjergSvend GudiksenNis Bøgvad,1,3,2008,1
8.0,22.0,Finnish,Jarkko Ahola,1,1,2008,0
19.0,19.0,"English, French",Sébastien TellierAmandine de La Richardière,2,2,2008,1
17.0,12.0,English,Kim BreitburgKaren Kavaleryan,1,2,2008,1
4.0,23.0,English,RemeeHanne SørvaagThomas Troelsen,1,3,2008,1
21.0,3.0,English,Konstantinos PantzisPoseidonas Giannopoulos,1,2,2008,1
11.0,14.0,English,Örlygur SmáriPaul OscarPeter Fenner,1,3,2008,1
7.0,9.0,"Hebrew, English",Dana InternationalShay Kerem,2,2,2008,1
14.0,11.0,English,Jonas LibergJohan SahlenClaes AndreassonTorbjörn Wassenius,1,4,2008,1
25.0,5.0,English,Mira Craig,1,1,2008,1
10.0,24.0,English,Isis Gee,1,1,2008,1
13.0,13.0,Portuguese,Andrej BabićCarlos Coelho,1,2,2008,0
1.0,20.0,"Romanian, Italian",Andrei TudorAndreea AndreiAdina Șuteu,2,3,2008,0
24.0,1.0,English,Dima BilanJim Beanz,1,2,2008,1
23.0,6.0,Serbian,Željko JoksimovićDejan Ivanović,1,2,2008,0
22.0,16.0,"Spanish, English",Rodolfo Chikilicuatre and friends,2,1,2008,1
18.0,18.0,English,Fredrik KempeBobby Ljunggren,1,2,2008,1
12.0,7.0,Turkish,Harun TekinKerem KabadayıBurak GüvenKerem Özyeğen,1,4,2008,0
18.0,2.0,English,Philipp KirkorovKaren Kavaleryan,1,2,2008,1
2.0,25.0,English,Andy AbrahamAndy WatkinsPaul Wilson,1,3,2008,1
19.0,17.0,English,Edmond ZhulaliAgim Doçi,1,2,2009,1
9.0,10.0,"English, Armenian",Mane HakobyanVardan ZadoyanAvet Barseghyan,2,3,2009,1
11.0,3.0,English,Arash LabafRobert UhlmannJohan BejerholmMarcus EnglöfAlex Papaconstantinou,1,5,2009,1
12.0,9.0,Bosnian,Aleksandar Čović,1,1,2009,0
5.0,18.0,Croatian,Tonči HuljićVjekoslava Huljić,1,2,2009,0
16.0,13.0,English,Lars Halvor JensenMartin Michael LarssonRonan Keating,1,3,2009,1
15.0,6.0,Estonian,Sven Lõhmus,1,1,2009,0
24.0,25.0,English,WaldoKarimaAri LehtonenAnnie Kratz-Gutå,1,4,2009,1
3.0,8.0,French,Fred BlondinAnse Lazio,1,2,2009,0
17.0,20.0,English,Alex ChristensenSteffen Häfelinger,1,2,2009,1
8.0,7.0,English,Dimitris KontopoulosCraig PorteilsCameron Giles-Webb,1,3,2009,1
7.0,2.0,English,Óskar Páll SveinssonChris NeilTinatin Japaridze,1,3,2009,1
2.0,16.0,"English, Hebrew, Arabic",Achinoam NiniMira AwadGil Dor,3,3,2009,1
1.0,23.0,"English, Russian",Dmitrij Šavrov,2,1,2009,1
14.0,22.0,English,Marc PaelinckGregory Bilsen,1,2,2009,1
13.0,14.0,"Romanian, English",Veaceslav DaniliucAndrei HadjiuNelly CiobanuAristotelis Kalimeris,2,4,2009,1
20.0,1.0,English,Alexander Rybak,1,1,2009,1
6.0,15.0,Portuguese,Pedro MarquesPaulo Pereira,1,2,2009,0
22.0,19.0,English,Laurențiu DuțăOvidiu BistriceanuDaris Mangal,1,3,2009,1
10.0,11.0,"Russian, Ukrainian",Konstantin MeladzeDiana Golde,2,2,2009,0
25.0,24.0,Spanish,Jason GillDimitri StassosIrini MichasFelipe Pedroso,1,4,2009,0
4.0,21.0,"French, English",Fredrik KempeMalena Ernman,2,2,2009,1
18.0,4.0,English,Sinan AkçılHadise AçıkgözStefaan Fernande,1,3,2009,1
21.0,12.0,English,Svetlana LobodaYevgeny Matyushenko,1,2,2009,1
23.0,5.0,English,Andrew Lloyd WebberDiane Warren,1,2,2009,1
15.0,16.0,English,Ardit GjebreaPirro Çako,1,2,2010,1
21.0,7.0,English,Armen MartirosyanKaren Kavaleryan,1,2,2010,1
1.0,5.0,English,Anders BaggeStefan ÖrnSandra Bjurman,1,3,2010,1
9.0,24.0,English,Maxim FadeevMalka Chaplin,1,2,2010,1
7.0,6.0,English,Tom EeckhoutJeroen SwinnenAshley Hicklin,1,3,2010,1
6.0,17.0,English,Edin-Dino Šaran,1,1,2010,1
5.0,21.0,English,Nasos LambrianidesMelis Konstantinou,1,2,2010,1
25.0,4.0,English,Thomas G:sonHenrik SethssonErik Bernholm,1,3,2010,1
18.0,12.0,French,Hugues DucaminJacques Ballue,1,2,2010,0
13.0,9.0,English,Hanne SørvaagHarry SommerdahlChristian Leuzzi,1,3,2010,1
22.0,1.0,English,Julie FrostJohn Gordon,1,2,2010,1
11.0,8.0,Greek[h],Giorgos AlkaiosGiannis AntoniouDimitris HortariasManos HortariasDionysis SchinasTolis SchinasKassiani KaragiouleStavros Apostolou,1,8,2010,0
16.0,19.0,English,Örlygur SmáriHera Björk Þórhallsdóttir,1,2,2010,1
10.0,23.0,English,Niall MooneyMårten ErikssonJonas GladnikoffLina Eriksson,1,4,2010,1
24.0,14.0,Hebrew,Tomer AdaddiNoam Horev,1,2,2010,0
4.0,22.0,English,Anton RagozaSergey StepanovAlina Galetskaya,1,3,2010,1
3.0,20.0,English,Hanne SørvaagFredrik Kempe,1,2,2010,1
23.0,18.0,Portuguese,Augusto Madureira,1,1,2010,0
19.0,3.0,English,Ovidiu Cernăuțeanu,1,1,2010,1
20.0,11.0,English,Peter Nalitch,1,1,2010,1
8.0,13.0,Serbian,Goran BregovićMarina TucakovićLjiljana Jorgovanović,1,3,2010,0
2.0,15.0,Spanish,Jesús CañadillaLuis Miguel de la VargaAlberto JodarDaniel Diges,1,4,2010,0
14.0,2.0,English,Yağmur SarıgülFerman AkgülÖzgür Can ÖneyEfe YılmazCem BahtiyarEvren ÖzdemirFiona Movery Akıncı,1,7,2010,1
17.0,10.0,English,Olena KucherBorys KukobaVadim Lisitsa,1,3,2010,1
12.0,25.0,English,Pete WatermanMike StockSteve Crosby,1,3,2010,1
18.0,18.0,English,Thomas RabitschNadine Beiler,1,2,2011,1
19.0,1.0,English,Stefan ÖrnSandra BjurmanIain James Farquharson,1,3,2011,1
2.0,6.0,English[l],Dino Merlin,1,1,2011,1
3.0,5.0,English,Lise CabbleJakob Schack Glæsner,1,2,2011,1
8.0,24.0,English,Sven Lõhmus,1,1,2011,1
1.0,21.0,English,Axel Ehnström,1,1,2011,1
11.0,15.0,Corsican,Daniel MoyneQuentin BacheletJean-Pierre MarcellesiJulie Miller,1,4,2011,0
25.0,9.0,English,DJ BE$$DJ RockMikheil Chelidze,1,2,2011,1
16.0,10.0,English,Gus SeyffertNicole MorierMonica Birkenes,1,3,2011,1
9.0,7.0,"English, Greek",Giannis ChristodoulopoulosEleana Vrachali,2,2,2011,1
5.0,22.0,"English, Hungarian",Viktor RakonczaiGergő RáczPéter GesztiJohnny K. Palmer,2,4,2011,1
21.0,20.0,English,Sigurjón BrinkÞórunn Erna Clausen,1,2,2011,1
6.0,8.0,English,Dan PriddyLars Halvor JensenMartin Michael Larsson,1,3,2011,1
12.0,2.0,"Italian, English",Raffaele Gualazzi,2,1,2011,1
4.0,19.0,English[a],Paulius ZdanavičiusAndrius Kairys,1,2,2011,1
15.0,12.0,English,Roman IagupovMihai GincuMarc ElsnerAndy Schuman,1,4,2011,1
17.0,17.0,English,Gabriel BăruţaAlexandra Ivan,1,2,2011,1
10.0,16.0,"English, Russian","Alexey VorobyovRedOneAJ JuniorBilal ""The Chef""Eric Sanicola",2,5,2011,1
24.0,14.0,Serbian,Kristina Kovač,1,1,2011,0
20.0,13.0,English,Matjaž VlašičUrša Vlašič,1,2,2011,1
22.0,23.0,Spanish,Rafael Artesero,1,1,2011,0
7.0,3.0,English,Fredrik Kempe,1,1,2011,1
13.0,25.0,English,David Klein,1,1,2011,1
23.0,4.0,English,Ruslan KvintaMaryna Skomorohova,1,2,2011,1
14.0,11.0,English,Duncan JamesLee RyanCiaron BellBen CollierIan HopeLiam KeenanStarSign,1,8,2011,1
3.0,5.0,Albanian,Florent BoshnjakuRona Nishliu,1,2,2012,0
13.0,4.0,English,Anders BaggeJohan KronlundSandra BjurmanStefan Örn,1,4,2012,1
5.0,18.0,Bosnian,Maja Sarihodžić,1,1,2012,0
8.0,16.0,English,Alex PapaconstantinouBjörn DjupströmAlexandra ZakkaViktor Svensson,1,4,2012,1
15.0,23.0,English,RemeeChief 1Isam Bachiri,1,2,2012,1
11.0,6.0,Estonian,Ott LeplandAapo Ilves,1,2,2012,0
9.0,22.0,"French, English",Jean-Pierre PilotWilliam RousseauAnggun,2,3,2012,1
20.0,8.0,English,Wayne HectorJamie CullumSteve Robson,1,3,2012,1
16.0,17.0,English,Dimitri StassosMikaela StenströmDajana Lööf,1,3,2012,1
2.0,24.0,English,Behnam LotfiGábor PálAttila SándorCsaba Walkó,1,4,2012,1
7.0,20.0,English,Greta Salóme Stefánsdóttir,1,1,2012,1
23.0,19.0,English,Nick JarlSharon Vaughn,1,2,2012,1
10.0,9.0,"English, Italian",Christian RabbKristoffer SjökvistFrida MolanderCharlie MasonNina Zilli,2,5,2012,1
4.0,14.0,English,Brandon StoneJodie Rose,1,2,2012,1
22.0,13.0,Macedonian,Romeo GrillKaliopi,1,2,2012,0
21.0,21.0,English,Kurt CallejaJohan JämtbergMikael Gunnerås,1,3,2012,1
26.0,11.0,English,Pavel ParfeniAlex Brașoveanu,1,2,2012,1
12.0,26.0,English,Tooji KeshtkarFigge BoströmPeter Boström,1,3,2012,1
14.0,12.0,"Spanish, English",Costi IonițăElena IonescuOmar Secada,2,3,2012,1
6.0,2.0,"Udmurt, English",Viktor DrobyshTimofei LeontievOlga TuktaryovaMary Susan Applegate,2,4,2012,1
24.0,3.0,Serbian,Željko JoksimovićMarina TucakovićMiloš Roganović,1,3,2012,0
19.0,10.0,Spanish,Tony Sánchez-OhlssonThomas G:sonErik Bernholm,1,3,2012,0
17.0,1.0,English,Thomas G:sonPeter Boström,1,2,2012,1
18.0,7.0,English,Can Bonomo,1,1,2012,1
25.0,15.0,English,GaitanaAlex NabrodovIgor Nikolayev,1,3,2012,1
1.0,25.0,English,Martin TerefeSacha Skarbek,1,2,2012,1
12.0,18.0,English,Tony IommiVardan Zadoyan,1,2,2013,1
20.0,2.0,English,Dimitris KontopoulosJohn BallardRalph Charlie,1,3,2013,1
8.0,16.0,English,Marc PaelinckMartin King,1,2,2013,1
6.0,12.0,English,Iain James FarquharsonJukka Immonen,1,2,2013,1
18.0,1.0,English,Lise CabbleJulia Fabrin JakobsenThomas Stengaard,1,3,2013,1
7.0,20.0,Estonian,Mihkel MattisenSilvia Soro,1,2,2013,0
4.0,24.0,English,Krista SiegfridsErik NyholmKristoffer KarlssonJessica Lundström,1,4,2013,1
1.0,23.0,French,David SalkinBoris Bergman,1,2,2013,0
25.0,15.0,English,Thomas G:sonErik Bernholm,1,2,2013,1
11.0,21.0,English,Yann PeiferManuel ReuterAndres BallinasTony Cornelissen,1,4,2013,1
21.0,6.0,Greek[h],Ilias KozasStathis Pachidis,1,2,2013,0
17.0,10.0,Hungarian,"Alex MártaZoltán Palásti Kovács ""Zoohacker""",1,2,2013,0
19.0,17.0,Icelandic,Örlygur SmáriPétur Örn Gudmundsson,1,2,2013,0
26.0,26.0,English,Wez DevineRyan Dolan,1,2,2013,1
23.0,7.0,Italian,Francesco De BenedittisRoberto CasalinoMarco Mengoni,1,3,2013,0
2.0,22.0,English,Andrius Pojavis,1,1,2013,1
9.0,8.0,English,Boris CezekDean Muscat,1,2,2013,1
3.0,11.0,Romanian,Pavel ParfeniIuliana Scutaru,1,2,2013,0
13.0,9.0,English,Tore JohanssonMartin GjerstadAnouk Teeuwe,1,3,2013,1
24.0,4.0,English,Karin ParkRobin LynchNiklas Olovson,1,3,2013,1
14.0,13.0,English,Cristian Faur,1,1,2013,1
10.0,5.0,English,Gabriel AlaresLeonid GutkinJoakim Björnberg,1,3,2013,1
5.0,25.0,Spanish[h],Raquel del RosarioDavid FeitoJuan Luis Suárez,1,3,2013,0
16.0,14.0,English,Robin StjernbergJoy DebLinnea DebJoakim Harestad Haukaas,1,4,2013,1
22.0,3.0,English,Mikhail NekrasovKaren Kavaleryan,1,2,2013,1
15.0,19.0,English,Desmond ChildLauren ChristyChristopher Braide,1,3,2013,1
7.0,4.0,English,Aram SargsyanGarik Papoyan,1,2,2014,1
11.0,1.0,English,Charlie MasonJoey PatulkaAli ZuckowskiJulian Maas,1,4,2014,1
3.0,22.0,English,Stefan ÖrnJohan KronlundAlessandra Günthardt,1,3,2014,1
2.0,16.0,English,Yuri VashchukDmitry Novik,1,2,2014,1
23.0,9.0,English,Basim MoujahidLasse LindorffDaniel FältKim Nowak-Zorde,1,4,2014,1
18.0,11.0,English,Topi LatukkaHenri Oskár,1,2,2014,1
14.0,26.0,French[b][h],Pierre BeyresKim N'GuyenLorent ArdouvinFrançois Ardouvin,1,4,2014,0
12.0,18.0,English,Elżbieta SteinmetzFrank KretschmerAdam Kesselhaut,1,3,2014,1
10.0,20.0,English,Nick RaptakisTheofilos PouzbourisShane Schuller,1,3,2014,1
21.0,5.0,English,András Kállay-SaundersKrisztián SzakosIstván Tabár,1,3,2014,1
4.0,15.0,English,Heiðar Örn KristjánssonHaraldur Freyr GíslasonJohn Grant,1,3,2014,1
16.0,21.0,Italian[h],Emma Marrone,1,1,2014,0
22.0,23.0,English,Richard Micallef,1,1,2014,1
8.0,19.0,Montenegrin,Sergej ĆetkovićEmina Jahović,1,2,2014,0
24.0,2.0,English,Ilse DeLangeJB MeijersRob CrosbyMatthew CrosbyJake Etheridge,1,6,2014,1
5.0,8.0,English,Josefin Winther,1,1,2014,1
9.0,14.0,"Polish, English",Witold CzamaraJoanna Klepko,2,2,2014,1
6.0,12.0,English,Ovidiu CernăuțeanuPhilip HallounFrida AmundsenBeyond51,1,4,2014,1
15.0,7.0,English,Philipp KirkorovDimitris KontopoulosJohn BallardRalph CharlieGerard James Borg,1,5,2014,1
25.0,24.0,English,Ralph SiegelMauro Balestri,1,2,2014,1
17.0,25.0,"English, Slovene",RaayTinkara KovačHannah ManciniTina Piš,2,4,2014,1
19.0,10.0,"English, Spanish",Ruth LorenzoJim IrvinJulian Emery,2,3,2014,1
13.0,3.0,English,"Fredrik KempeDavid KreugerHamed ""K-One"" Pirouzpanah",1,3,2014,1
20.0,13.0,English,Sebastiano Paù-Lessi,1,1,2014,1
1.0,6.0,English,Mariya YaremchukSandra Bjurman,1,2,2014,1
26.0,17.0,English,Molly Smitten-DownesAnders Hansson,1,2,2014,1
26.0,17.0,English,Arbër ElshaniKristijan LekajSokol Marsi,1,3,2015,1
6.0,16.0,English,Armen MartirosyanInna Mkrtchyan,1,2,2015,1
12.0,5.0,English,Guy SebastianDavid Ryan HarrisLouis Schoorl,1,3,2015,1
14.0,26.0,English,Jimmy HarryDominic MuhrerPaul EstrelaFlorian MeindlMarkus Christ,1,5,2015,1
24.0,12.0,English,Nicolas RebscherNicklas LifLina HanssonSandra Bjurman,1,4,2015,1
13.0,4.0,English,Loïc NottetBeverly Jo Scott,1,2,2015,1
11.0,22.0,English,Mike Connaris,1,1,2015,1
4.0,7.0,English,Stig Rästa,1,1,2015,1
2.0,25.0,French,Michel IllouzMoïse AlbertLaure Izon,1,3,2015,0
23.0,11.0,English,Nina SublattiThomas G:son,1,2,2015,1
17.0,27.0,English,Michael HarwoodElla McMahonTonino Speciale,1,4,2015,1
15.0,19.0,English,Maria Elena KyriakouEfthivoulos TheocharousVangelis KonstantinidisEvelina Tziora,1,4,2015,1
22.0,20.0,English,Boglárka CsemerÁron SebestyénSára Hélène Bori,1,3,2015,1
3.0,9.0,English,Doron Medalie,1,1,2015,1
27.0,3.0,Italian,Ciro EspositoFrancesco Boccia,1,2,2015,0
19.0,6.0,English,Aminata Savadogo,1,1,2015,1
7.0,18.0,English,Vytautas BikusMonika Liubinaitė,1,2,2015,1
16.0,13.0,Montenegrin,Željko JoksimovićMarina TucakovićDejan Ivanović,1,3,2015,0
9.0,8.0,English,Kjetil Mørland,1,1,2015,1
18.0,23.0,English,Jakub RaczyńskiMonika Kuszyńska,1,2,2015,1
20.0,15.0,"Romanian, English",Călin GoiaGabriel ConstantinAdrian CristescuSilviu Marian PăduraruVictor Răzvan AlstaniMonica-Ana StevensAndrei-Mădalin Leonte,2,7,2015,1
25.0,2.0,English,Gabriel AlaresLeonid GutkinJoakim BjörnbergKatrina NoorbergenVladimir Matetsky,1,5,2015,1
8.0,10.0,English,Vladimir GraićCharlie Mason,1,2,2015,1
1.0,14.0,English,RaayMarjetka VovkCharlie Mason,1,3,2015,1
21.0,21.0,Spanish,Tony Sánchez-OhlssonThomas G:sonPeter Boström,1,3,2015,0
10.0,1.0,English,Joy DebLinnea DebAnton Hård af Segerstad,1,3,2015,1
5.0,24.0,English,David MindelAdrian Bax White,1,2,2015,1
26.0,7.0,English,Lilith NavasardyanLevon NavasardyanIveta MukuchyanStephanie Crutchfield,1,4,2016,1
13.0,2.0,English,David MusumeciAnthony Egizii,1,2,2016,1
24.0,13.0,French,Christof StraubZoë Straub,1,2,2016,0
4.0,17.0,English,"Amir AlyJakob ""Jakke"" ErixsonHenrik Wikström",1,3,2016,1
1.0,10.0,English,Sanne PutseysLouis FavreYannick WertherBirsen Uçar,1,4,2016,1
8.0,4.0,"English, Bulgarian",Borislav MilanovSebastian ArmanJoacim PerssonPoli Genova,2,4,2016,1
17.0,23.0,English,Andreas GrassNikola Paryla,1,2,2016,1
14.0,21.0,English,Thomas G:sonMinus One,1,2,2016,1
2.0,25.0,English,Christian SchneiderSara BiglertAidan O'Connor,1,3,2016,1
11.0,6.0,"French, English",Amir HaddadNazim KhaledJohan Errami,2,3,2016,1
23.0,20.0,English,Kote KalandadzeThomas G:son,1,2,2016,1
10.0,26.0,English,Anna LeyneThomas BurchiaConrad Hensel,1,3,2016,1
5.0,19.0,English,Zé SzabóBorbála Csarnai,1,2,2016,1
7.0,14.0,English,Doron Medalie,1,1,2016,1
6.0,16.0,"Italian, English",Fabio GargiuloFederica AbbateCheopeFrancesca MichielinNorma Jean Martine,2,5,2016,1
20.0,15.0,English,Aminata Savadogo,1,1,2016,1
16.0,9.0,English,Jonas ThanderBeatrice Robertsson,1,2,2016,1
22.0,12.0,English,Lisa DesmondTim LarssonTobias LundgrenMolly Pettersson HammarIra Losco,1,5,2016,1
3.0,11.0,English,Douwe Bob PosthumaJan Peter HoekstraJeroen OvermanMatthijs van Duijvenbode,1,4,2016,1
12.0,8.0,English,Andy PalmerKamil Varen,1,2,2016,1
18.0,3.0,English,Philipp KirkorovDimitris KontopoulosJohn BallardRalph Charlie,1,4,2016,1
15.0,18.0,English,Ivana Peters,1,1,2016,1
19.0,22.0,English,Bárbara ReyzábalRuben VillanuevaVíctor Púa Vivó,1,3,2016,1
9.0,5.0,English,Frans Jeppsson WallFredrik AnderssonMichael SaxellOscar Fogelström,1,4,2016,1
21.0,1.0,"English, Crimean Tatar",JamalaArt Antonyan,2,2,2016,1
25.0,24.0,English,Matt SchwartzJustin J BensonSiva Kaneswaran,1,3,2016,1
5.0,18.0,English,Lilith NavasaryanLevon NavasardyanAvet BarseghyanDavid Tserunyan,1,4,2017,1
14.0,9.0,English,David MusumeciAnthony EgiziiMichael Angelo,1,3,2017,1
4.0,16.0,English,Nathanaele KollBernhard Penzias,1,2,2017,1
12.0,14.0,English,Isa MelikovSandra Bjurman,1,2,2017,1
3.0,17.0,Belarusian,Arciom Lukjanienka,1,1,2017,0
23.0,4.0,English,Pierre DumoulinEmmanuel DelcourtEllie Delvaux,1,3,2017,1
25.0,2.0,English,Borislav MilanovSebastian ArmanJoacim PerssonAlexander V. BlayAlex Omar,1,5,2017,1
13.0,13.0,"English, Italian",Željko HoudekSiniša ReljićTony MalmInes PrajoArjana KunštekFabrizio Laucella,2,6,2017,1
19.0,21.0,English,Thomas G:son,1,1,2017,1
10.0,20.0,English,Anja NissenMichael D'ArcyAngel Tupai,1,3,2017,1
26.0,12.0,"French, English",Nazim KhaledAlexandra Maquet,2,2,2017,1
21.0,25.0,English,Lindy RobbinsDave BassettLindsey Ray,1,3,2017,1
15.0,19.0,English,Dimitris KontopoulosRomy PapadeaJohn Ballard,1,3,2017,1
8.0,8.0,Hungarian,József Pápai,1,1,2017,0
1.0,23.0,English,Dolev RamPenn Hazut,1,2,2017,1
9.0,6.0,Italian[h][u][v],Francesco GabbaniFilippo GabbaniLuca ChiaravalliFabio Ilacqua,1,4,2017,0
7.0,3.0,English,Anton RagozaSergei IalovitskiSergey StepanovMihail CebotarencoAlina Galetcaia,1,5,2017,1
6.0,11.0,English,Rick VolRory de Kievit,1,2,2017,1
17.0,10.0,English,Joakim With SteenJonas McDonnell,1,3,2017,1
2.0,22.0,English,Kasia MośRickard Bonde TruumeelPete Barringer,1,3,2017,1
11.0,1.0,Portuguese,Luísa Sobral,1,1,2017,0
20.0,7.0,English,Mihai AlexandruAlexa Niculae,1,2,2017,1
16.0,26.0,"Spanish, English","Manel NavarroAntonio Rayo ""Rayito""",2,2,2017,1
24.0,5.0,English,"David KreugerHamed ""K-One"" PirouzpanahRobin Stjernberg",1,3,2017,1
22.0,24.0,English,Zhenia GalychDenys MiziukYevhen HalychYevhen Kamenchuk,1,4,2017,1
18.0,15.0,English,Emmelie de ForestDaniel SalcedoLawrie Martin,1,3,2017,1
12.0,11.0,Albanian,Eugent Bushpepa,1,1,2018,0
16.0,20.0,English,David MusumeciAnthony EgiziiJessica Mauboy,1,3,2018,1
5.0,3.0,English,Borislav MilanovSebastian ArmanJoacim PerssonJohan AlkenäsCesár Sampson,1,5,2018,1
18.0,14.0,English,Borislav MilanovJoacim PerssonTrey CampbellDag Lundberg,1,4,2018,1
25.0,2.0,English[b],Alex PapaconstantinouGeraldo SandellAnderz WrethovViktor SvenssonDidrick,1,5,2018,1
14.0,6.0,English,Mikolas Josef,1,1,2018,1
15.0,9.0,English[z],Niclas ArnKarl Eurén,1,2,2018,1
6.0,8.0,Italian,Mihkel MattisenTimo VendtElina NechayevaKsenia Kuchukova,1,4,2018,0
17.0,25.0,English,Saara AaltoJoy DebLinnea DebKi Fitzgerald,1,4,2018,1
13.0,13.0,French,Émilie SattJean-Karl Lucas,1,2,2018,0
11.0,4.0,English,Michael SchulteThomas StengaardKatharina MüllerNisse Ingwersen,1,4,2018,1
21.0,21.0,Hungarian,Bence BruckerDániel KökényesÁron VeressSoma SchiszlerÖrs Siklósi,1,5,2018,0
24.0,16.0,English,Ryan O'ShaughnessyMark CapliceLaura Elizabeth Hughes,1,3,2018,1
22.0,1.0,English[x],Doron MedalieStav Beger,1,2,2018,1
26.0,5.0,Italian,Ermal MetaFabrizio MoroAndrea Febo,1,3,2018,0
4.0,12.0,English[w],Vytautas Bikus,1,1,2018,1
19.0,10.0,English,Philipp KirkorovJohn Ballard,1,2,2018,1
23.0,18.0,English,WaylonIlya ToshinskiyJim Beaver,1,3,2018,1
7.0,15.0,English,Alexander Rybak,1,1,2018,1
8.0,26.0,Portuguese,Isaura,1,1,2018,0
10.0,19.0,Serbian[y],Aleksandar IlićTatjana IlićDanica KrstićDarko Dimitrov,1,4,2018,0
3.0,22.0,Slovene[aa],Lea SirkTomy DeClerque,1,3,2018,0
2.0,23.0,Spanish,Raúl GómezSylvia Santoro,1,2,2018,0
20.0,7.0,English,Marco BorreroLouis SchoorlK NitaBenjamin Ingrosso,1,4,2018,1
1.0,17.0,English,Kostyantyn BocharovMike Ryals,1,2,2018,1
9.0,24.0,English,Nicole BlairGil LewisSean Hargreaves,1,3,2018,1
2.0,17.0,Albanian,Eriona Rushiti,1,1,2019,0
25.0,9.0,English,Kate Miller-HeidkeKeir NuttallJulian Hamilton,1,3,2019,1
20.0,8.0,English,Borislav MilanovJoacim PerssonTrey CampbellPablo DineroHostessChingiz Mustafayev,1,6,2019,1
19.0,24.0,English,Viktor DrobyshYuliya KireyevaZinaida Kupriyanovich,1,3,2019,1
11.0,13.0,English,Alex PapaconstantinouGeraldo SandellTeddy SkyViktor SvenssonAlbin NedlerKristoffer Fogelmark,1,6,2019,1
3.0,11.0,English,Jan SteinsdoerferMaciej Mikolaj TrybulecAlbert Černý,1,3,2019,1
6.0,12.0,"English, French[c][ac]",Lise CabbleMelanie WehbeEmil Lei,2,3,2019,1
18.0,20.0,English,Stig RästaVallo KikasVictor CroneSebastian LestapierFred Krieger,1,5,2019,1
21.0,16.0,"French, English",Émilie SattJean-Karl LucasBilal Hassani,2,3,2019,1
4.0,25.0,English,Laurell BarkerTom OehlerMarine KaltenbacherThomas Stengaard,1,4,2019,1
13.0,21.0,English,Katerine DuskaLeon of AthensDavid SneddonPhil Cook,1,4,2019,1
17.0,10.0,Icelandic,Einar Hrafn StefánssonKlemens Nikulásson HanniganMatthías Tryggvi Haraldsson,1,3,2019,0
14.0,23.0,English,Inbar WizmanOhad Shragai,1,2,2019,1
22.0,2.0,Italian[o],"Dario ""Dardust"" FainiAlessandro MahmoudPaolo Alberto Monachetti",1,3,2019,0
1.0,14.0,English,Borislav MilanovJoacim PerssonJohan AlkenäsPaula Winger,1,4,2019,1
12.0,1.0,English,Duncan de MoorJoel SjööWouter HardyWill Knox,1,4,2019,1
8.0,7.0,English,Robert BilbilovLazar CvetkoskiDarko DimitrovKosta PetrovSanja Popovska,1,5,2019,1
15.0,6.0,English[ad],Tom Hugo HermansenHenrik TalaFred BuljoRüdiger SchrammAlexander OlssonAlexandra Rotan,1,6,2019,1
5.0,3.0,English,Philipp KirkorovDimitris KontopoulosSharon Vaughn,1,3,2019,1
7.0,19.0,English[r],Serhat HacıpaşalıoğluMary Susan Applegate,1,2,2019,1
23.0,18.0,Serbian[h],Nevena BožovićDarko Dimitrov,1,2,2019,0
10.0,15.0,Slovene,Zala KraljGašper Šantl,1,2,2019,0
26.0,22.0,Spanish,Adrià Salas,1,1,2019,0
9.0,5.0,English,"John LundvikAnderz WrethovAndreas ""Stone"" Johansson",1,3,2019,1
24.0,4.0,English,Laurell BarkerFrazer MacLuca HänniJon HällgrenLukas Hällgren,1,5,2019,1
16.0,26.0,English,Laurell BarkerAnna-Klara FolinJohn LundvikJonas Thander,1,4,2019,1
2.0,21.0,Albanian,Kledi BahitiOlti Curri,1,2,2021,0
21.0,20.0,English[p],Amy van der WelLuuk van BeersJosh EarlTony Cornelissen,1,4,2021,1
4.0,19.0,English,Alex CallierCharlotte Forêt,1,2,2021,1
17.0,11.0,English,Victoria GeorgievaMaya NalaniOliver BjörkvallHelena Larsson,1,4,2021,1
1.0,16.0,English[b],"Laurell BarkerThomas StengaardJimmy ""Joker"" ThornfeldtCleiton ""Oxa"" Sia",1,4,2021,1
16.0,6.0,English,Aleksi KaunisvesiJoonas PorkoJoel HokkaNiko MoilanenOlli Matela,1,5,2021,1
20.0,2.0,French,"Barbara PraviAntoine ""Igit"" BarrauLili Poe",1,3,2021,0
15.0,25.0,English[c],Jendrik SigwartChristoph Oswald,1,2,2021,1
10.0,10.0,English,Dimitris KontopoulosArcadeSharon Vaughn,1,3,2021,1
12.0,4.0,English,Daði Freyr Pétursson,1,1,2021,1
3.0,17.0,English[x],Amit MordechaiIdo NetzerNoam ZlatinRon Carmi,1,4,2021,1
24.0,1.0,Italian,Damiano DavidEthan TorchioThomas RaggiVictoria De Angelis,1,4,2021,0
18.0,8.0,English,Vaidotas ValiukevičiusRobertas BaranauskasMantas BanišauskasLaisvūnas ČernovasIlkka WirtanenKalle Lindroth,1,6,2021,1
6.0,7.0,English[a],Malin ChristinAmanuel DermontNicklas EklundPete Barringer,1,4,2021,1
14.0,13.0,English,Philipp KirkorovDimitris KontopoulosSharon VaughnMikhail Gutseriev,1,4,2021,1
23.0,23.0,"English, Sranan Tongo",Jeangu MacrooyPieter Perquin,2,2,2021,1
22.0,18.0,English,Andreas HaukelandEmelie HollowMathias Haukeland,1,3,2021,1
7.0,12.0,English,"Pedro ""Tatanka"" Taborda",1,1,2021,1
5.0,9.0,"Russian, English",Ori AvniOri KaplanManizha Sanghin,2,3,2021,1
26.0,22.0,English[j],"Thomas StengaardJoy DebLinnea DebJimmy ""Joker"" ThornfeldtKenny SilverdiqueSuzi PancenkovMalou Linn Eloise RuotsalainenChanel TukiaSenhit Zadik ZadikTramar Dillard",1,10,2021,1
8.0,15.0,Serbian[b][h],Nemanja AntonićDarko DimitrovSanja Vučić,1,3,2021,0
13.0,24.0,Spanish,Blas CantóLeroy SanchezDangelo OrtegaDan Hammond,1,4,2021,0
25.0,14.0,English,"Joy DebLinnea DebJimmy ""Joker"" ThörnfeldtAnderz Wrethov",1,4,2021,1
11.0,3.0,French,Gjon MuharremajWouter HardyNina SampermansXavier Michel,1,4,2021,0
19.0,5.0,Ukrainian,Taras ShevchenkoKateryna Pavlenko,1,2,2021,0
9.0,26.0,English,James NewmanConor BlakeDanny ShahTom HollingsSamuel Brennan,1,5,2021,1
